Date,Open,High,Low,Close,Volume
2009-11-20,24.99,24.99,24.69,24.83,10395
2009-11-23,25.41,25.53,25.23,25.26,20826
2009-11-24,25.35,25.41,24.9677,25.06,47742
2009-11-25,25.33,25.4,25.13,25.39,34677
2009-11-27,24.41,24.69,24.32,24.58,35483
2009-11-30,25.0,25.395,24.745,24.94,33037
2009-12-01,25.49,25.6,25.42,25.55,43700
2009-12-02,25.58,25.58,25.42,25.51,17411
2009-12-03,25.75,25.75,25.29,25.296,26215
2009-12-04,25.7,25.8,25.29,25.6,28883
2009-12-07,25.24,25.24,24.89,24.94,21580
2009-12-08,25.07,25.08,24.9,24.952,7790
2009-12-09,25.06,25.23,25.01,25.23,17933
2009-12-10,25.4,25.5,25.29,25.34,144196
2009-12-11,25.33,25.33,25.0,25.1,35716
2009-12-14,25.12,25.12,24.95,25.07,121460
2009-12-15,24.83,24.83,24.64,24.7,31875
2009-12-16,24.77,24.9,24.75,24.77,13436
2009-12-17,24.72,24.72,24.35,24.369,22435
2009-12-18,24.29,24.3,24.084,24.27,36460
2009-12-21,24.33,24.35,24.24,24.28,72320
2009-12-22,24.38,24.52,24.35,24.37,25382
2009-12-23,25.19,25.19,24.83,25.0,63144
2009-12-24,25.2,25.29,25.2,25.22,4610
2009-12-28,25.59,25.59,25.3294,25.39,28436
2009-12-29,25.49,25.6899,25.27,25.38,14435
2009-12-30,25.53,25.53,25.29,25.4,14308
2009-12-31,25.59,25.59,25.31,25.31,16360
2010-01-04,25.89,26.151,25.89,26.13,34301
2010-01-05,26.4,26.4,26.13,26.3,53773
2010-01-06,26.68,26.68,26.4041,26.48,97639
2010-01-07,26.62,26.62,26.456,26.5599,44246
2010-01-08,26.35,26.48,26.26,26.44,22511
2010-01-11,26.62,26.62,26.35,26.467,85567
2010-01-12,26.19,26.29,25.99,26.0,47663
2010-01-13,26.41,26.46,26.13,26.4259,28955
2010-01-14,26.6,26.6,26.4,26.5,50641
2010-01-15,26.65,26.65,26.02,26.07,20546
2010-01-19,26.3,26.53,26.12,26.49,54949
2010-01-20,26.31,26.31,25.7301,25.85,47131
2010-01-21,25.63,25.63,24.87,24.87,133317
2010-01-22,24.88,24.88,24.3976,24.44,29960
2010-01-25,25.07,25.07,24.59,24.732,41167
2010-01-26,24.59,24.59,24.18,24.31,36643
2010-01-27,24.17,24.17,23.6,23.9,101404
2010-01-28,24.06,24.06,23.4201,23.609,48546
2010-01-29,24.16,24.27,23.76,23.77,36928
2010-02-01,24.02,24.3,24.02,24.3,96352
2010-02-02,24.08,24.22,23.91,24.1968,17447
2010-02-03,24.29,24.56,24.29,24.455,44779
2010-02-04,24.13,24.13,23.24,23.3,32480
2010-02-05,23.2,23.21,22.5,22.8801,54668
2010-02-08,23.2,23.28,23.01,23.05,123165
2010-02-09,23.49,23.7076,23.335,23.56,31445
2010-02-10,23.46,23.4799,23.18,23.41,25874
2010-02-11,23.66,23.98,23.57,23.9098,24309
2010-02-12,23.68,23.81,23.6,23.81,23345
2010-02-16,24.2,24.28,23.9,24.28,19440
2010-02-17,24.54,24.54,24.32,24.41,21347
2010-02-18,24.28,24.5,24.25,24.5,23664
2010-02-19,24.09,24.36,24.09,24.2824,19569
2010-02-22,24.37,24.37,24.04,24.05,23556
2010-02-23,24.06,24.11,23.69,23.7,19005
2010-02-24,23.95,24.26,23.95,24.21,6673
2010-02-25,23.75,24.0,23.71,24.0,10029
2010-02-26,24.56,24.56,24.21,24.49,17328
2010-03-01,24.75,24.85,24.64,24.83,53622
2010-03-02,25.05,25.31,25.05,25.31,25720
2010-03-03,25.55,25.58,25.38,25.46,65864
2010-03-04,25.59,25.59,25.271,25.48,95517
2010-03-05,25.84,26.01,25.72,26.01,41298
2010-03-08,26.0,26.0,25.815,25.91,24021
2010-03-09,25.8,25.9,25.6806,25.7659,31405
2010-03-10,25.87,26.08,25.87,26.0,27186
2010-03-11,26.05,26.05,25.7601,25.9042,30094
2010-03-12,26.15,26.15,25.83,25.87,19251
2010-03-15,25.76,25.87,25.63,25.8,11695
2010-03-16,26.24,26.255,26.12,26.25,24202
2010-03-17,26.5,26.68,26.4297,26.5399,15708
2010-03-18,26.65,26.65,26.36,26.42,23363
2010-03-19,26.68,26.68,26.01,26.13,46554
2010-03-22,26.1,26.36,26.0101,26.3,70007
2010-03-23,26.24,26.4,26.11,26.4,16010
2010-03-24,26.46,26.46,26.1101,26.19,40156
2010-03-25,26.28,26.71,26.26,26.26,24053
2010-03-26,26.75,26.76,26.4,26.59,83565
2010-03-29,26.91,27.09,26.87,27.08,22458
2010-03-30,26.81,26.93,26.72,26.919,32249
2010-03-31,26.8,26.86,26.64,26.78,38547
2010-04-05,27.81,27.95,27.64,27.91,58477
2010-04-06,27.8,27.99,27.69,27.89,44201
2010-04-07,27.82,27.82,27.41,27.4853,37113
2010-04-08,27.34,27.47,27.1377,27.47,36270
2010-04-09,27.66,27.85,27.6277,27.85,30855
2010-04-12,27.67,27.67,27.5,27.59,52659
2010-04-13,27.65,27.65,27.25,27.46,39946
2010-04-14,27.71,27.88,27.59,27.88,178205
2010-04-15,27.39,27.39,27.195,27.25,120319
2010-04-16,27.74,27.74,26.51,26.69,138528
2010-04-19,26.55,26.9,26.55,26.89,79657
2010-04-20,27.18,27.18,26.95,27.15,17556
2010-04-21,27.19,27.19,26.85,26.9864,28288
2010-04-22,27.0,27.33,26.8312,27.33,137833
2010-04-23,27.33,27.55,27.25,27.5264,19633
2010-04-26,27.57,27.57,27.374,27.38,22534
2010-04-27,27.5,27.5,26.65,26.7,160341
2010-04-28,26.82,26.94,26.7,26.8,32151
2010-04-29,27.06,27.279,26.9832,27.22,23669
2010-04-30,27.22,27.22,26.7,26.7,38151
2010-05-03,27.09,27.09,26.81,26.97,38002
2010-05-04,26.45,26.45,25.69,25.83,108639
2010-05-05,25.6,25.9397,25.5,25.6,79135
2010-05-06,25.5,25.56,21.33,24.56,251524
2010-05-07,24.56,25.1,24.39,24.68,161129
2010-05-10,26.15,28.0,26.15,28.0,42280
2010-05-11,26.84,26.84,25.843,26.17,128276
2010-05-12,26.1826,26.42,26.18,26.41,62610
2010-05-13,26.31,26.38,26.0,26.03,39466
2010-05-14,25.71,25.71,25.13,25.24,107221
2010-05-17,25.2,25.38,24.82,25.282,37418
2010-05-18,25.64,25.64,24.9,24.9799,16922
2010-05-19,24.51,24.59,24.04,24.45,43783
2010-05-20,23.87,23.89,23.45,23.57,44350
2010-05-21,23.35,24.33,23.35,24.22,76267
2010-05-24,24.01,24.22,23.9,23.9,36008
2010-05-25,23.02,23.57,22.93,23.5326,33224
2010-05-26,23.9,24.02,23.35,23.58,57753
2010-05-27,24.36,24.67,24.12,24.56,70581
2010-05-28,25.03,25.03,24.45,24.59,39213
2010-06-01,24.37,24.55,23.96,23.99,62787
2010-06-02,24.5,24.88,24.305,24.88,60273
2010-06-03,25.14,25.14,24.74,24.884,23572
2010-06-04,24.54,24.63,24.07,24.2,40437
2010-06-07,24.58,24.58,24.05,24.1,41873
2010-06-08,24.42,24.53,24.04,24.523,19665
2010-06-09,24.53,24.86,24.3,24.35,44663
2010-06-10,25.09,25.27,24.94,25.2,72766
2010-06-11,24.88,25.21,24.8,25.2,67940
2010-06-14,25.76,25.97,25.52,25.55,48082
2010-06-15,25.87,26.18,25.67,26.08,80223
2010-06-16,25.92,26.087,25.7,26.05,34947
2010-06-17,26.33,26.33,25.9,26.17,98483
2010-06-18,26.27,26.27,26.0768,26.09,14729
2010-06-21,26.78,26.9,26.422,26.53,59078
2010-06-22,26.61,26.61,26.0,26.018,39991
2010-06-23,26.25,26.29,25.9601,26.22,34660
2010-06-24,26.3,26.3,25.9,26.05,477497
2010-06-25,25.92,26.34,25.92,26.3,84405
2010-06-28,26.47,26.48,26.185,26.374,19449
2010-06-29,25.95,25.95,25.42,25.5101,64619
2010-06-30,26.1,26.2,25.79,25.79,36632
2010-07-01,25.81,25.91,25.4724,25.84,125392
2010-07-02,25.64,25.77,25.5,25.73,49317
2010-07-06,26.07,26.18,25.7,25.87,93224
2010-07-07,25.76,26.1,25.7,26.1,47826
2010-07-08,26.27,26.27,25.9,26.16,71749
2010-07-09,26.18,26.51,26.18,26.51,25382
2010-07-12,26.55,26.55,26.376,26.45,20263
2010-07-13,26.62,26.77,26.52,26.72,85963
2010-07-14,26.46,26.47,26.3235,26.4299,7329
2010-07-15,26.31,26.48,26.129,26.4,17314
2010-07-16,26.33,26.33,25.9,25.9125,43532
2010-07-19,26.23,26.26,26.0,26.22,24809
2010-07-20,26.04,26.29,25.9,26.23,71635
2010-07-21,26.28,26.28,25.84,25.92,29122
2010-07-22,26.24,26.73,26.24,26.64,28780
2010-07-23,26.48,26.72,26.41,26.66,12204
2010-07-26,26.58,26.59,26.417,26.5455,28224
2010-07-27,26.76,26.76,26.4384,26.49,32019
2010-07-28,26.42,26.42,26.18,26.24,11357
2010-07-29,26.46,26.65,26.2,26.38,37262
2010-07-30,26.38,26.573,26.21,26.52,40172
2010-08-02,26.8,27.08,26.76,27.0399,28736
2010-08-03,27.02,27.02,26.785,26.92,19203
2010-08-04,27.16,27.19,27.03,27.17,28827
2010-08-05,26.87,27.0,26.7895,26.96,30327
2010-08-06,26.82,26.88,26.6087,26.88,22909
2010-08-09,27.18,27.21,26.99,27.15,22323
2010-08-10,26.92,27.0,26.75,26.85,34443
2010-08-11,26.47,26.47,26.2,26.2,15687
2010-08-12,26.16,26.519,26.16,26.36,29008
2010-08-13,26.55,26.7199,26.55,26.67,7602
2010-08-16,26.55,26.57,26.4432,26.565,18008
2010-08-17,26.52,26.805,26.52,26.72,19292
2010-08-18,27.0,27.0,26.84,26.92,34758
2010-08-19,27.14,27.18,26.84,26.97,33548
2010-08-20,26.92,27.0899,26.912,27.02,22147
2010-08-23,27.1,27.25,26.87,26.88,57786
2010-08-24,26.84,26.84,26.51,26.55,105920
2010-08-25,26.38,26.5525,26.25,26.528,20448
2010-08-26,26.66,26.66,26.37,26.43,6339
2010-08-27,26.43,26.5512,26.16,26.5512,12619
2010-08-30,26.25,26.33,26.12,26.12,14067
2010-08-31,26.28,26.36,26.1,26.23,81770
2010-09-01,26.62,27.05,26.62,27.0391,30858
2010-09-02,26.68,27.0,26.68,27.0,37022
2010-09-03,27.1,27.16,26.9,27.096,91740
2010-09-07,27.32,27.32,27.15,27.23,35319
2010-09-08,27.42,27.71,27.42,27.64,23719
2010-09-09,27.84,27.87,27.75,27.78,29583
2010-09-10,27.96,28.0,27.87,27.96,16378
2010-09-13,28.49,28.65,28.38,28.65,33071
2010-09-14,28.71,28.9,28.54,28.83,34373
2010-09-15,28.96,29.04,28.87,28.99,30989
2010-09-16,28.84,28.99,28.84,28.99,122032
2010-09-17,29.37,29.37,29.16,29.276,17235
2010-09-20,30.09,30.28,29.85,30.21,43800
2010-09-21,30.02,30.3,30.01,30.2,101933
2010-09-22,30.32,30.32,30.0,30.08,20844
2010-09-23,29.94,30.02,29.7301,29.79,79217
2010-09-24,30.45,30.77,30.45,30.75,69968
2010-09-27,30.8,30.8,30.61,30.63,94236
2010-09-28,30.72,30.7699,30.45,30.75,31231
2010-09-29,30.59,30.71,30.49,30.65,73093
2010-09-30,30.91,30.91,30.56,30.77,83311
2010-10-01,31.77,31.8,31.6,31.75,53357
2010-10-04,31.84,31.84,31.5,31.65,66671
2010-10-05,31.8,32.0,31.66,31.959,143003
2010-10-06,31.94,31.95,31.79,31.91,269148
2010-10-07,31.82,31.91,31.5,31.64,54935
2010-10-08,31.71,31.86,31.51,31.79,154540
2010-10-11,31.8,31.8,31.61,31.68,64319
2010-10-12,31.44,31.45,31.13,31.45,64397
2010-10-13,32.22,32.37,31.98,32.242,101661
2010-10-14,32.16,32.16,31.72,31.9,80670
2010-10-15,31.72,31.72,31.3701,31.49,69600
2010-10-18,31.7,31.77,31.45,31.71,44996
2010-10-19,31.1,31.1,30.633,30.73,194319
2010-10-20,30.89,31.15,30.7501,31.0499,44951
2010-10-21,31.6,31.71,31.36,31.46,182605
2010-10-22,31.26,31.33,31.21,31.3,71150
2010-10-25,31.67,31.69,31.41,31.457,147309
2010-10-26,31.14,31.46,31.14,31.34,42046
2010-10-27,31.05,31.1,30.69,30.94,97807
2010-10-28,30.92,31.049,30.72,30.84,83702
2010-10-29,31.23,31.23,30.97,31.19,261280
2010-11-01,31.53,31.66,31.35,31.52,90316
2010-11-02,31.8,31.86,31.6,31.83,77417
2010-11-03,31.99,32.05,31.63,32.04,95644
2010-11-04,32.63,33.0,32.45,32.98,158876
2010-11-05,33.01,33.1,32.78,33.1,152131
2010-11-08,32.66,32.68,32.44,32.608,184434
2010-11-09,32.88,32.88,32.26,32.33,139950
2010-11-10,32.58,32.6,32.2,32.48,140010
2010-11-11,32.01,32.12,31.81,31.95,106112
2010-11-12,31.32,31.36,30.66,30.8313,164141
2010-11-15,30.89,31.22,30.8201,30.844,218946
2010-11-16,30.28,30.32,29.63,29.63,145088
2010-11-17,29.81,29.99,29.81,29.94,48623
2010-11-18,30.55,30.6,30.36,30.53,116315
2010-11-19,30.0,30.0,29.66,29.92,124545
2010-11-22,30.23,30.26,29.93,30.24,88766
2010-11-23,29.84,29.84,29.35,29.42,79593
2010-11-24,29.47,29.68,29.42,29.68,42660
2010-11-26,29.05,29.09,28.63,28.98,109127
2010-11-29,28.88,29.24,28.76,29.23,93989
2010-11-30,29.18,29.47,29.1,29.2,240954
2010-12-01,30.38,30.38,30.15,30.31,199540
2010-12-02,30.47,30.7,30.31,30.7,88028
2010-12-03,30.65,30.689,30.47,30.65,81504
2010-12-06,30.65,30.65,30.47,30.61,267539
2010-12-07,30.88,30.88,30.5,30.5,537073
2010-12-08,30.34,30.34,29.9635,30.2,242401
2010-12-09,29.48,29.48,29.09,29.13,146761
2010-12-10,29.76,29.76,29.4901,29.68,26400
2010-12-13,30.0,30.1,29.95,30.05,61019
2010-12-14,30.31,30.38,30.2,30.25,72878
2010-12-15,29.89,29.89,29.53,29.61,265391
2010-12-16,29.72,30.08,29.72,30.05,109978
2010-12-17,30.19,30.19,29.85,30.15,62604
2010-12-20,30.28,30.28,29.88,30.07,145470
2010-12-21,30.65,30.65,30.4,30.53,73801
2010-12-22,30.48,30.58,30.352,30.58,87511
2010-12-23,30.47,30.48,30.32,30.48,104861
2010-12-27,30.62,30.62,30.33,30.389,89527
2010-12-28,30.53,30.53,30.316,30.37,152478
2010-12-29,30.88,30.9,30.7766,30.82,73623
2010-12-30,31.19,31.19,30.91,31.0,51422
2010-12-31,31.29,31.3792,31.189,31.35,29949
2011-01-03,31.36,31.73,31.36,31.67,107622
2011-01-04,31.57,31.57,31.0419,31.25,118138
2011-01-05,30.87,31.0,30.7301,30.91,68501
2011-01-06,30.6,30.74,30.31,30.4,127005
2011-01-07,29.98,30.0,29.55,29.7,114731
2011-01-10,29.13,29.13,28.86,29.0,102998
2011-01-11,29.54,29.54,29.17,29.24,92128
2011-01-12,29.94,29.94,29.66,29.93,68546
2011-01-13,29.64,29.64,29.15,29.17,81822
2011-01-14,28.68,28.68,28.3,28.5,215167
2011-01-18,28.855,28.95,28.74,28.85,94468
2011-01-19,28.78,28.78,28.37,28.45,256888
2011-01-20,28.63,28.63,28.32,28.465,117750
2011-01-21,28.81,28.81,28.49,28.55,114274
2011-01-24,28.61,28.89,28.61,28.87,63135
2011-01-25,28.42,28.64,28.21,28.4,64570
2011-01-26,28.76,28.76,28.4706,28.65,67129
2011-01-27,28.5,28.5,28.0816,28.21,104947
2011-01-28,27.99,27.99,27.1,27.15,171488
2011-01-31,27.61,27.61,27.384,27.47,79681
2011-02-01,27.27,27.49,27.07,27.4341,383586
2011-02-02,27.31,27.31,27.096,27.1289,116014
2011-02-03,27.77,27.77,27.42,27.5,154261
2011-02-04,27.0,27.11,26.76,26.85,73030
2011-02-07,27.11,27.23,27.0,27.13,111453
2011-02-08,27.0,27.0,26.7,26.9,121040
2011-02-09,26.73,26.73,26.3,26.381,107820
2011-02-10,26.33,26.33,26.03,26.25,98046
2011-02-11,26.78,26.99,26.5607,26.906,88170
2011-02-14,27.42,27.53,27.4,27.45,160544
2011-02-15,27.71,27.71,27.4471,27.61,104881
2011-02-16,27.75,27.75,27.5,27.67,77666
2011-02-17,27.93,28.16,27.93,28.0,238808
2011-02-18,27.64,27.82,27.61,27.8,97780
2011-02-22,27.75,27.801,27.2301,27.278,137372
2011-02-23,27.4,27.41,27.06,27.21,78296
2011-02-24,26.74,26.82,26.3879,26.67,122531
2011-02-25,26.99,27.02,26.79,26.9799,55621
2011-02-28,27.35,27.35,27.0,27.11,75680
2011-03-01,28.1,28.1,27.5,27.54,85446
2011-03-02,27.67,27.88,27.67,27.72,160041
2011-03-03,28.31,28.5,28.09,28.47,99397
2011-03-04,28.31,28.31,27.91,28.15,106653
2011-03-07,27.81,27.83,27.3903,27.5,82829
2011-03-08,27.89,28.21,27.76,28.15,49405
2011-03-09,28.07,28.21,28.02,28.16,33912
2011-03-10,27.87,27.88,27.49,27.55,58640
2011-03-11,27.41,27.7622,27.41,27.75,31262
2011-03-14,27.87,28.09,27.81,28.09,39964
2011-03-15,27.51,27.8376,27.31,27.71,51899
2011-03-16,27.8,27.84,27.31,27.5,66928
2011-03-17,27.88,27.88,27.39,27.62,98399
2011-03-18,27.42,27.64,27.27,27.27,59314
2011-03-21,27.46,27.4736,27.2701,27.47,61006
2011-03-22,27.49,27.69,27.49,27.51,51757
2011-03-23,27.78,28.164,27.78,28.14,134111
2011-03-24,28.4,28.6,28.31,28.6,79029
2011-03-25,28.91,29.03,28.75,28.82,144451
2011-03-28,29.08,29.08,28.77,28.82,47318
2011-03-29,29.15,29.54,29.15,29.54,151520
2011-03-30,29.69,29.9,29.6,29.82,171952
2011-03-31,29.83,30.04,29.83,29.99,472280
2011-04-01,30.17,30.25,30.02,30.15,140560
2011-04-04,30.65,30.65,30.4806,30.62,181879
2011-04-05,30.47,30.6568,30.38,30.5378,116905
2011-04-06,30.63,30.63,30.42,30.4632,77496
2011-04-07,30.57,30.57,30.25,30.4,101262
2011-04-08,30.16,30.38,30.0,30.15,54360
2011-04-11,29.93,29.93,29.5507,29.6607,62102
2011-04-12,29.6,29.6,29.3,29.37,60441
2011-04-13,30.19,30.45,30.0,30.06,101854
2011-04-14,30.09,30.34,29.98,30.34,50569
2011-04-15,29.95,30.04,29.774,29.87,103191
2011-04-18,29.18,29.4,29.049,29.23,74056
2011-04-19,29.55,29.71,29.46,29.71,118905
2011-04-20,30.32,30.38,30.2401,30.38,171115
2011-04-21,30.42,30.43,30.23,30.37,30333
2011-04-25,29.98,30.2328,29.98,30.0449,123946
2011-04-26,30.19,30.3,30.074,30.29,67456
2011-04-27,30.0,30.18,29.82,30.08,189308
2011-04-28,29.71,29.84,29.7,29.8,56901
2011-04-29,29.64,29.89,29.61,29.88,52125
2011-05-02,29.5,29.56,29.24,29.34,52220
2011-05-03,28.79,28.79,28.262,28.41,346348
2011-05-04,28.33,28.41,27.96,28.0,107577
2011-05-05,27.75,27.94,27.552,27.75,158789
2011-05-06,28.51,28.57,28.251,28.42,156432
2011-05-09,28.47,28.47,28.28,28.29,89195
2011-05-10,28.33,28.54,28.29,28.5,183012
2011-05-11,28.45,28.45,27.993,28.13,61867
2011-05-12,27.82,28.14,27.71,28.11,71198
2011-05-13,28.21,28.21,27.84,27.96,55622
2011-05-16,27.8,28.01,27.73,27.7301,136405
2011-05-17,27.62,27.62,27.308,27.5,82723
2011-05-18,27.68,27.768,27.37,27.73,115491
2011-05-19,27.75,27.79,27.52,27.65,52501
2011-05-20,27.92,27.92,27.5301,27.69,97470
2011-05-23,27.27,27.27,27.0,27.12,47501
2011-05-24,27.21,27.37,27.14,27.14,57220
2011-05-25,27.0,27.1459,26.84,27.05,45387
2011-05-26,27.12,27.6,27.12,27.57,52383
2011-05-27,27.82,27.89,27.708,27.89,145239
2011-05-31,28.36,28.4,28.11,28.4,188977
2011-06-01,28.4,28.53,28.09,28.21,159312
2011-06-02,28.54,28.54,28.24,28.3,98846
2011-06-03,28.05,28.3397,28.05,28.16,73380
2011-06-06,28.24,28.42,28.1,28.14,46629
2011-06-07,28.5,28.63,28.38,28.39,124997
2011-06-08,28.48,28.48,28.21,28.3,105625
2011-06-09,28.24,28.5,28.24,28.45,48891
2011-06-10,28.11,28.18,27.79,27.86,110275
2011-06-13,28.09,28.15,27.9,27.921,44716
2011-06-14,28.37,28.41,28.298,28.35,22743
2011-06-15,28.0,28.0,27.54,27.6,32787
2011-06-16,27.54,27.6799,27.36,27.54,86611
2011-06-17,27.55,27.59,27.41,27.41,66679
2011-06-20,26.83,27.0,26.83,26.98,90872
2011-06-21,27.11,27.26,26.91,27.26,25289
2011-06-22,26.99,27.1,26.87,26.87,47711
2011-06-23,26.89,27.27,26.8,27.27,74488
2011-06-24,27.69,27.84,27.63,27.7,117322
2011-06-27,28.22,28.29,27.95,28.25,135103
2011-06-28,28.26,28.56,28.25,28.52,172370
2011-06-29,28.71,28.89,28.63,28.7,215113
2011-06-30,29.08,29.21,28.99,29.11,132038
2011-07-01,29.14,29.22,28.96,29.12,126088
2011-07-05,29.09,29.09,28.9,28.98,66184
2011-07-06,29.13,29.13,28.77,28.92,59147
2011-07-07,29.47,29.83,29.47,29.78,138865
2011-07-08,29.18,29.32,29.01,29.32,57950
2011-07-11,28.84,28.9,28.56,28.69,100057
2011-07-12,28.38,28.62,28.33,28.38,109229
2011-07-13,28.74,28.74,28.45,28.59,36185
2011-07-14,29.01,29.01,28.44,28.54,45050
2011-07-15,28.7,28.78,28.5,28.69,43155
2011-07-18,28.55,28.56,28.3,28.51,46033
2011-07-19,28.72,29.19,28.72,29.0,93991
2011-07-20,28.83,28.85,28.61,28.78,70385
2011-07-21,28.73,29.0,28.73,29.0,93323
2011-07-22,29.06,29.1,28.9684,29.04,61683
2011-07-25,29.16,29.32,29.16,29.27,91269
2011-07-26,28.85,28.99,28.77,28.86,62038
2011-07-27,28.82,28.82,28.24,28.34,87369
2011-07-28,28.49,28.49,28.19,28.19,110411
2011-07-29,28.23,28.52,28.13,28.39,95334
2011-08-01,28.71,28.71,28.19,28.48,54834
2011-08-02,28.19,27.87,27.44,27.63,109292
2011-08-03,27.63,27.87,27.44,27.69,123611
2011-08-04,27.19,27.22,26.39,26.39,103733
2011-08-05,27.01,27.01,25.9,26.35,232394
2011-08-08,25.63,25.89,24.7,24.73,408195
2011-08-09,25.68,26.2988,25.23,26.2988,339043
2011-08-10,25.98,25.98,25.29,25.29,91927
2011-08-11,25.91,26.49,25.64,26.29,79835
2011-08-12,25.92,25.976,25.62,25.87,58178
2011-08-15,26.23,26.23,25.97,26.1,108394
2011-08-16,25.42,25.63,25.08,25.32,279551
2011-08-17,25.45,25.67,25.4434,25.6,82469
2011-08-18,24.66,24.71,23.96,24.18,185605
2011-08-19,24.05,24.4144,23.89,23.96,175587
2011-08-22,24.56,24.68,24.235,24.32,137945
2011-08-23,24.54,25.01,24.45,25.01,111252
2011-08-24,24.34,24.52,24.16,24.44,155674
2011-08-25,24.12,24.24,23.78,23.8435,65973
2011-08-26,23.39,23.82,23.18,23.68,137870
2011-08-29,24.45,24.89,24.45,24.89,186419
2011-08-30,24.76,24.92,24.75,24.78,102091
2011-08-31,25.11,25.344,25.11,25.31,82379
2011-09-01,25.31,25.35,25.1,25.17,158488
2011-09-02,25.0,25.0,24.7065,24.83,114793
2011-09-06,24.87,25.1,24.76,25.04,98624
2011-09-07,25.29,25.68,25.29,25.68,64016
2011-09-08,25.41,25.49,25.22,25.29,92633
2011-09-09,24.72,24.72,24.29,24.42,93300
2011-09-12,23.8,24.06,23.73,24.012,343490
2011-09-13,23.87,24.08,23.79,24.08,111446
2011-09-14,24.13,24.38,23.81,24.14,131862
2011-09-15,24.35,24.58,24.25,24.54,72738
2011-09-16,24.48,24.67,24.4,24.58,106382
2011-09-19,23.97,24.07,23.8,23.94,258961
2011-09-20,24.27,24.47,24.19,24.19,190400
2011-09-21,24.22,24.22,23.7428,23.7428,66200
2011-09-22,22.5,22.52,21.96,22.15,132276
2011-09-23,22.24,22.65,22.21,22.6,100208
2011-09-26,22.37,22.76,22.2584,22.74,309396
2011-09-27,23.18,23.72,23.18,23.41,483333
2011-09-28,23.2,23.27,22.75,22.83,406918
2011-09-29,23.46,23.6187,22.97,23.19,141298
2011-09-30,22.96,22.96,22.35,22.35,104902
2011-10-03,22.42,22.64,22.16,22.16,166665
2011-10-04,21.83,22.27,21.62,22.27,201717
2011-10-05,22.04,22.41,21.96,22.39,169049
2011-10-06,22.38,22.75,22.2801,22.75,198562
2011-10-07,22.76,22.95,22.58,22.64,152841
2011-10-10,23.19,23.5,23.19,23.5,110991
2011-10-11,23.04,23.21,22.96,23.13,130145
2011-10-12,23.72,24.1494,23.72,23.95,87901
2011-10-13,23.63,23.65,23.39,23.61,53822
2011-10-14,23.86,24.03,23.86,24.02,67636
2011-10-17,23.82,23.8588,23.44,23.49,480294
2011-10-18,23.38,23.82,23.21,23.73,278661
2011-10-19,23.82,23.93,23.63,23.66,39720
2011-10-20,23.33,23.41,23.041,23.25,94839
2011-10-21,23.45,23.55,23.34,23.55,117464
2011-10-24,23.39,23.9292,23.39,23.89,88072
2011-10-25,24.0,24.1599,23.93,23.94,98286
2011-10-26,24.25,24.38,23.94,24.0935,77428
2011-10-27,25.12,25.8,25.0,25.61,341869
2011-10-28,25.3,25.6093,25.26,25.57,55932
2011-10-31,25.14,25.21,24.76,24.76,142739
2011-11-01,24.08,24.3587,24.0,24.21,112637
2011-11-02,24.46,24.72,24.4401,24.62,81902
2011-11-03,24.83,24.99,24.64,24.99,64396
2011-11-04,24.71,24.72,24.33,24.59,237661
2011-11-07,24.64,24.77,24.52,24.74,15979
2011-11-08,24.58,24.71,24.4928,24.56,5093
2011-11-09,24.01,24.01,23.4,23.41,65222
2011-11-10,23.78,23.78,23.38,23.48,142897
2011-11-11,23.68,23.9581,23.68,23.86,133791
2011-11-14,23.34,23.55,23.11,23.21,210277
2011-11-15,22.89,23.0528,22.81,22.88,55289
2011-11-16,22.64,22.84,22.44,22.44,95996
2011-11-17,22.3,22.4,21.85,21.96,389144
2011-11-18,21.99,22.06,21.79,21.79,333334
2011-11-21,21.04,21.18,20.72,20.82,174492
2011-11-22,20.99,21.05,20.74,20.91,94275
2011-11-23,20.57,20.57,20.38,20.5,70263
2011-11-25,20.59,20.9,20.59,20.66,105011
2011-11-28,21.42,21.64,21.39,21.59,109658
2011-11-29,21.28,21.37,21.151,21.18,78790
2011-11-30,22.0,22.21,21.79,22.21,132509
2011-12-01,22.01,22.24,22.01,22.09,147888
2011-12-02,22.66,22.84,22.56,22.68,687955
2011-12-05,22.61,22.73,22.5436,22.58,113848
2011-12-06,22.53,22.53,22.4,22.42,69923
2011-12-07,22.38,22.56,22.25,22.38,88143
2011-12-08,21.79,21.79,21.28,21.3,47653
2011-12-09,21.46,21.629,21.42,21.57,26324
2011-12-12,20.64,20.64,20.35,20.5,58485
2011-12-13,20.65,20.7537,20.33,20.4,76597
2011-12-14,20.09,20.12,19.9,19.93,56095
2011-12-15,20.31,20.42,20.15,20.18,67704
2011-12-16,20.15,20.19,20.02,20.13,121523
2011-12-19,19.93,19.93,19.48,19.49,152188
2011-12-20,19.64,20.02,19.64,19.96,292196
2011-12-21,20.22,20.22,19.96,20.2,814322
2011-12-22,20.41,20.51,20.3744,20.49,123643
2011-12-23,20.27,20.34,20.2,20.34,107863
2011-12-27,20.28,20.36,20.2,20.2,109520
2011-12-28,20.18,20.18,19.8838,19.89,62993
2011-12-29,19.87,19.99,19.848,19.97,79407
2011-12-30,19.78,19.89,19.7141,19.75,52973
2012-01-03,20.27,20.71,20.25,20.71,113984
2012-01-04,20.42,20.49,20.29,20.44,124091
2012-01-05,20.6,20.6,20.36,20.45,45925
2012-01-06,20.54,20.54,20.46,20.46,20544
2012-01-09,20.64,20.65,20.51,20.65,44379
2012-01-10,21.42,21.5277,21.401,21.47,117465
2012-01-11,21.33,21.49,21.27,21.42,37552
2012-01-12,21.33,21.52,21.33,21.49,177058
2012-01-13,21.47,21.47,21.31,21.42,689808
2012-01-17,22.33,22.35,22.16,22.28,119136
2012-01-18,22.39,22.64,22.35,22.64,123811
2012-01-19,22.87,23.0,22.82,22.96,32077
2012-01-20,23.04,23.08,22.93,23.03,111714
2012-01-23,23.23,23.24,23.09,23.2,96808
2012-01-24,23.32,23.6061,23.12,23.6,92649
2012-01-25,23.56,23.94,23.45,23.9,74105
2012-01-26,24.1,24.14,23.84,23.84,258000
2012-01-27,23.93,24.03,23.75,23.86,200311
2012-01-30,23.36,23.53,23.2,23.45,219580
2012-01-31,24.02,24.1,23.804,23.93,124852
2012-02-01,24.28,24.67,24.28,24.54,260595
2012-02-02,24.7,24.76,24.56,24.72,469316
2012-02-03,25.3,25.4613,25.176,25.4,165367
2012-02-06,25.12,25.23,25.05,25.14,116662
2012-02-07,24.91,25.03,24.75,24.95,198626
2012-02-08,25.07,25.18,24.9601,25.07,194012
2012-02-09,25.07,25.1999,25.04,25.13,152764
2012-02-10,24.8,24.8,24.6,24.69,45541
2012-02-13,24.92,25.11,24.92,25.03,92341
2012-02-14,25.03,25.1,24.96,25.08,126100
2012-02-15,25.7,25.7,25.45,25.54,101437
2012-02-16,25.57,25.8,25.5,25.77,142496
2012-02-17,25.95,25.96,25.844,25.96,36472
2012-02-21,26.09,26.19,25.96,26.13,100046
2012-02-22,25.56,25.77,25.56,25.72,147524
2012-02-23,25.6,25.67,25.4499,25.67,104999
2012-02-24,25.41,25.5,25.4,25.5,39238
2012-02-27,24.69,24.77,24.484,24.75,97474
2012-02-28,24.95,25.09,24.95,25.04,383742
2012-02-29,25.12,25.13,24.78,24.84,241932
2012-03-01,24.69,24.98,24.69,24.86,356477
2012-03-02,24.694,24.729,24.6,24.65,31426
2012-03-05,24.25,24.2514,24.08,24.13,68945
2012-03-06,23.37,23.416,23.1408,23.23,141638
2012-03-07,23.49,23.61,23.454,23.61,94468
2012-03-08,23.97,24.09,23.86,24.09,170062
2012-03-09,24.68,24.74,24.5,24.6,202124
2012-03-12,24.51,24.53,24.29,24.44,115461
2012-03-13,24.68,25.16,24.68,25.16,281846
2012-03-14,25.0,25.0,24.735,24.88,190858
2012-03-15,24.41,24.54,24.32,24.54,142471
2012-03-16,24.24,24.27,24.18,24.18,86293
2012-03-19,23.87,24.01,23.82,23.87,152894
2012-03-20,23.76,23.76,23.56,23.74,154524
2012-03-21,24.06,24.1262,23.99,24.09,65228
2012-03-22,23.26,23.29,23.1,23.23,200047
2012-03-23,23.49,23.53,23.27,23.53,85201
2012-03-26,23.25,23.36,23.21,23.36,94353
2012-03-27,23.58,23.58,23.48,23.52,88263
2012-03-28,23.29,23.34,23.04,23.21,84530
2012-03-29,23.03,23.14,22.89,23.07,209542
2012-03-30,23.68,23.73,23.55,23.73,174397
2012-04-02,23.78,24.15,23.7,24.1,129666
2012-04-03,24.21,24.21,23.9,24.0,40096
2012-04-04,23.82,23.82,23.49,23.62,73694
2012-04-05,23.55,23.71,23.55,23.71,112800
2012-04-09,23.33,23.48,23.181,23.22,53448
2012-04-10,23.14,23.18,22.85,22.88,140276
2012-04-11,23.2,23.22,23.0801,23.16,35614
2012-04-12,23.37,23.77,23.37,23.75,95245
2012-04-13,23.13,23.15,22.82,22.82,205018
2012-04-16,23.05,23.13,22.8708,22.91,10213
2012-04-17,23.37,23.75,23.37,23.67,88119
2012-04-18,23.33,23.43,23.291,23.35,45750
2012-04-19,23.22,23.43,23.15,23.26,127624
2012-04-20,23.27,23.348,23.234,23.25,234526
2012-04-23,22.56,22.61,22.33,22.59,181390
2012-04-24,22.53,22.65,22.49,22.54,139794
2012-04-25,22.56,22.6571,22.53,22.64,84375
2012-04-26,22.51,22.72,22.5,22.68,46469
2012-04-27,22.67,22.67,22.45,22.57,63151
2012-04-30,22.56,22.73,22.56,22.7,144368
2012-05-01,22.65,22.8899,22.65,22.69,40509
2012-05-02,22.43,22.49,22.37,22.395,83847
2012-05-03,22.11,22.12,21.83,21.86,136423
2012-05-04,21.54,21.56,21.37,21.38,85418
2012-05-07,22.01,22.03,21.92,22.0,107342
2012-05-08,21.4,21.4,21.05,21.23,50502
2012-05-09,20.85,21.1,20.83,20.99,111890
2012-05-10,21.22,21.32,21.17,21.21,280661
2012-05-11,20.87,21.0801,20.87,20.92,83351
2012-05-14,20.64,20.69,20.53,20.53,70527
2012-05-15,20.81,20.81,20.54,20.58,119095
2012-05-16,20.42,20.49,20.25,20.3,145807
2012-05-17,20.28,20.2992,20.08,20.08,65486
2012-05-18,20.34,20.45,20.15,20.22,40421
2012-05-21,20.23,20.55,20.2,20.49,110965
2012-05-22,20.08,20.22,19.86,19.9,107145
2012-05-23,19.71,19.75,19.37,19.71,95713
2012-05-24,20.12,20.1891,19.95,20.07,64645
2012-05-25,20.07,20.18,20.05,20.17,42403
2012-05-29,20.51,20.54,20.2709,20.39,96164
2012-05-30,20.04,20.04,19.8,19.99,105797
2012-05-31,19.91,20.01,19.79,20.0,597780
2012-06-01,19.84,19.84,19.685,19.72,171991
2012-06-04,19.92,20.01,19.86,19.97,105796
2012-06-05,19.98,20.03,19.91,20.02,83662
2012-06-06,20.48,20.89,20.48,20.88,92145
2012-06-07,21.2,21.306,20.92,20.99,169903
2012-06-08,20.83,21.06,20.82,21.02,70005
2012-06-11,20.66,20.7025,20.36,20.38,68244
2012-06-12,20.93,21.06,20.83,21.04,58303
2012-06-13,21.04,21.11,20.89,20.93,52218
2012-06-14,20.67,20.88,20.61,20.88,116001
2012-06-15,21.0,21.33,21.0,21.23,77860
2012-06-18,20.66,20.88,20.6345,20.8,106772
2012-06-19,20.91,21.15,20.91,21.01,43183
2012-06-20,20.88,20.88,20.64,20.85,94921
2012-06-21,20.97,20.97,20.38,20.38,54740
2012-06-22,20.5,20.5311,20.42,20.47,44765
2012-06-25,20.46,20.46,20.18,20.369,16937
2012-06-26,20.49,20.53,20.3465,20.52,13819
2012-06-27,20.6,20.72,20.56,20.72,95056
2012-06-28,20.62,20.6591,20.458,20.62,66737
2012-06-29,21.62,21.965,21.62,21.88,165932
2012-07-02,21.81,21.89,21.66,21.89,134459
2012-07-03,22.27,22.46,22.15,22.46,59588
2012-07-05,22.1,22.17,21.94,22.02,195208
2012-07-06,21.78,21.78,21.66,21.74,47262
2012-07-09,21.72,21.73,21.62,21.7,70718
2012-07-10,22.06,22.2,21.8742,21.91,120118
2012-07-11,21.91,22.07,21.8601,22.0,40764
2012-07-12,21.58,21.61,21.41,21.56,61073
2012-07-13,21.83,22.03,21.8,21.98,19386
2012-07-16,21.71,21.91,21.71,21.84,97532
2012-07-17,21.73,21.79,21.52,21.79,105488
2012-07-18,21.56,21.87,21.56,21.8,13880
2012-07-19,21.87,21.93,21.82,21.86,315908
2012-07-20,21.49,21.58,21.46,21.52,54440
2012-07-23,20.84,20.9,20.73,20.84,225360
2012-07-24,20.96,20.97,20.7301,20.86,60125
2012-07-25,20.89,21.01,20.86,20.88,35141
2012-07-26,21.09,21.21,20.95,21.21,238898
2012-07-27,21.26,21.51,21.18,21.42,56960
2012-07-30,21.49,21.64,21.4,21.64,37812
2012-07-31,21.59,21.59,21.42,21.45,39858
2012-08-01,21.58,21.625,21.48,21.48,37812
2012-08-02,21.24,21.42,21.156,21.28,292095
2012-08-03,21.51,21.8,21.51,21.74,326087
2012-08-06,21.78,22.02,21.78,21.86,268050
2012-08-07,22.27,22.36,22.24,22.24,39344
2012-08-08,22.18,22.24,22.08,22.1501,31259
2012-08-09,22.11,22.1629,22.04,22.1,32048
2012-08-10,21.95,22.14,21.95,22.13,17774
2012-08-13,22.13,22.16,21.93,21.97,49532
2012-08-14,22.07,22.11,22.0,22.0,152704
2012-08-15,22.03,22.0525,21.98,21.984,22787
2012-08-16,21.98,22.1499,21.96,22.1,58111
2012-08-17,22.1,22.1,22.0,22.02,54257
2012-08-20,22.02,22.113,22.0,22.1,11663
2012-08-21,22.35,22.532,22.33,22.4,48966
2012-08-22,22.25,22.4498,22.25,22.42,14416
2012-08-23,22.35,22.35,22.2198,22.23,17022
2012-08-24,22.12,22.32,22.12,22.2699,18221
2012-08-27,22.04,22.0598,22.0,22.0,38681
2012-08-28,21.86,22.02,21.83,21.885,330681
2012-08-29,21.78,21.78,21.71,21.72,33353
2012-08-30,21.79,21.8,21.68,21.71,31402
2012-08-31,21.76,22.39,21.5,22.39,35849
2012-09-04,21.63,21.7,21.52,21.61,51103
2012-09-05,21.3,21.44,21.29,21.41,40667
2012-09-06,21.48,21.83,21.48,21.79,30877
2012-09-07,22.0,22.28,22.0,22.25,62584
2012-09-10,22.08,22.2,22.01,22.03,43892
2012-09-11,22.37,22.42,22.27,22.33,242642
2012-09-12,22.38,22.5416,22.38,22.49,35086
2012-09-13,22.4,23.03,22.4,22.96,84134
2012-09-14,23.68,23.9399,23.61,23.83,127400
2012-09-17,23.68,23.86,23.65,23.71,130968
2012-09-18,23.88,23.88,23.41,23.5,134668
2012-09-19,23.26,23.5625,23.26,23.46,49439
2012-09-20,23.32,23.44,23.21,23.43,41608
2012-09-21,24.3,24.4,24.23,24.32,150161
2012-09-24,24.32,24.36,24.22,24.31,69696
2012-09-25,24.25,24.43,24.08,24.11,86680
2012-09-26,24.05,24.08,23.88,24.04,38216
2012-09-27,24.29,24.55,24.29,24.52,47598
2012-09-28,24.6,24.68,24.52,24.54,165271
2012-10-01,24.86,25.15,24.86,25.04,131339
2012-10-02,25.04,25.1142,25.0,25.04,53232
2012-10-03,25.06,25.19,25.02,25.1,43376
2012-10-04,25.55,25.8332,25.55,25.81,187466
2012-10-05,25.44,25.64,25.35,25.42,165274
2012-10-08,24.77,25.01,24.7,24.94,171345
2012-10-09,24.93,24.96,24.68,24.73,45309
2012-10-10,24.34,24.5,24.32,24.34,41529
2012-10-11,24.85,24.94,24.8,24.88,42974
2012-10-12,24.54,24.6599,24.48,24.55,8890
2012-10-15,24.68,24.78,24.47,24.78,64947
2012-10-16,24.66,24.72,24.61,24.71,23255
2012-10-17,24.64,24.67,24.5,24.61,127103
2012-10-18,24.45,24.6,24.4444,24.5,199131
2012-10-19,24.28,24.28,24.0,24.0232,117591
2012-10-22,24.41,24.62,24.35,24.61,857361
2012-10-23,24.16,24.28,24.05,24.15,82245
2012-10-24,24.31,24.31,24.15,24.165,116691
2012-10-25,24.5,24.53,24.3317,24.47,34208
2012-10-26,24.27,24.33,24.2,24.24,89034
2012-10-31,24.01,24.01,23.77,23.86,165554
2012-11-01,24.24,24.39,24.12,24.18,142834
2012-11-02,24.4,24.45,24.19,24.38,414064
2012-11-05,24.08,24.34,23.97,24.3,795740
2012-11-06,24.14,24.49,24.14,24.46,175021
2012-11-07,24.3,24.31,24.01,24.12,105646
2012-11-08,24.32,24.35,24.0502,24.11,610558
2012-11-09,23.84,24.01,23.84,23.92,95708
2012-11-12,23.78,23.8301,23.75,23.75,106973
2012-11-13,23.65,23.76,23.5615,23.76,510645
2012-11-14,23.76,23.78,23.46,23.54,329228
2012-11-15,23.49,23.62,23.44,23.52,95650
2012-11-16,23.24,23.3,23.07,23.26,1593641
2012-11-19,23.33,23.65,23.33,23.65,116810
2012-11-20,23.34,23.43,23.19,23.43,923781
2012-11-21,23.45,23.46,23.37,23.37,83146
2012-11-23,23.32,23.48,23.32,23.45,45054
2012-11-26,23.39,23.54,23.29,23.54,101896
2012-11-27,23.76,23.78,23.55,23.57,405234
2012-11-28,23.61,23.67,23.39,23.67,134330
2012-11-29,24.4,24.68,24.36,24.68,354813
2012-11-30,24.83,24.86,24.6901,24.81,410438
2012-12-03,24.83,24.83,24.656,24.78,83548
2012-12-04,24.72,24.79,24.6601,24.71,84285
2012-12-05,24.79,24.98,24.78,24.89,42158
2012-12-06,25.12,25.25,25.06,25.23,463097
2012-12-07,24.97,25.1,24.94,24.99,116511
2012-12-10,24.87,25.2,24.85,25.13,436773
2012-12-11,25.0,25.11,24.99,25.09,119607
2012-12-12,24.89,25.08,24.88,24.93,101908
2012-12-13,24.72,24.75,24.56,24.61,56093
2012-12-14,24.76,24.8,24.691,24.76,119768
2012-12-17,24.68,24.69,24.59,24.65,76089
2012-12-18,24.65,24.83,24.56,24.83,265596
2012-12-19,24.92,25.0,24.9001,24.92,109951
2012-12-20,24.78,25.02,24.67,25.0,319794
2012-12-21,24.48,24.56,24.27,24.51,373231
2012-12-24,24.43,24.5399,24.4,24.4,12650
2012-12-26,24.67,24.91,24.65,24.82,39071
2012-12-27,24.56,24.68,24.5,24.67,57092
2012-12-28,24.78,24.887,24.75,24.78,51382
2012-12-31,24.77,25.03,24.767,24.91,32778
2013-01-02,25.44,25.73,25.35,25.7,80718
2013-01-03,25.44,25.62,25.36,25.59,364678
2013-01-04,25.32,25.38,25.2,25.36,216449
2013-01-07,25.03,25.06,24.9,25.06,178931
2013-01-08,25.21,25.21,24.96,25.14,256357
2013-01-09,25.15,25.1998,25.06,25.13,121345
2013-01-10,25.29,25.29,25.08,25.23,127948
2013-01-11,25.15,25.15,24.91,24.99,121779
2013-01-14,25.51,25.51,25.25,25.41,127702
2013-01-15,25.51,25.56,25.35,25.51,325214
2013-01-16,25.31,25.4,25.2,25.35,189204
2013-01-17,25.58,25.86,25.58,25.76,128510
2013-01-18,25.95,26.0,25.8601,26.0,110782
2013-01-22,25.95,26.03,25.8901,26.02,168714
2013-01-23,26.08,26.08,25.94,26.0,244190
2013-01-24,25.94,25.94,25.71,25.77,238848
2013-01-25,25.91,26.0,25.85,25.91,218850
2013-01-28,25.94,25.94,25.73,25.86,257185
2013-01-29,25.98,26.08,25.82,26.08,320494
2013-01-30,26.19,26.22,26.1,26.13,105258
2013-01-31,26.01,26.04,25.93,25.98,100658
2013-02-01,25.97,26.09,25.93,26.06,143009
2013-02-04,25.76,25.76,25.55,25.6,750462
2013-02-05,25.67,25.79,25.6202,25.65,107370
2013-02-06,25.59,25.63,25.49,25.63,60449
2013-02-07,25.58,25.58,25.27,25.3,171621
2013-02-08,25.18,25.285,25.14,25.18,90502
2013-02-11,25.04,25.06,24.91,25.06,135222
2013-02-12,25.06,25.29,25.05,25.23,197691
2013-02-13,25.14,25.29,25.13,25.22,289610
2013-02-14,24.99,25.0,24.93,24.99,269383
2013-02-15,24.79,24.82,24.64,24.66,127616
2013-02-19,24.97,25.19,24.97,25.18,80202
2013-02-20,25.09,25.12,24.92,24.95,786671
2013-02-21,24.52,24.52,24.28,24.42,423004
2013-02-22,24.55,24.71,24.52,24.71,80619
2013-02-25,24.89,24.9,24.4,24.43,65674
2013-02-26,24.42,24.44,24.2901,24.41,28332
2013-02-27,24.69,24.82,24.68,24.75,133182
2013-02-28,24.05,24.05,23.89,23.89,448187
2013-03-01,23.79,23.91,23.74,23.86,408211
2013-03-04,23.83,23.84,23.698,23.83,41334
2013-03-05,24.17,24.27,24.11,24.22,199115
2013-03-06,24.42,24.46,24.2401,24.27,173647
2013-03-07,24.64,24.77,24.64,24.71,99815
2013-03-08,25.09,25.24,24.97,25.24,283448
2013-03-11,25.18,25.19,25.0101,25.18,121101
2013-03-12,25.01,25.12,24.91,24.97,76199
2013-03-13,24.79,24.79,24.59,24.7,57008
2013-03-14,24.86,25.1,24.86,25.1,116395
2013-03-15,25.0,25.03,24.9,25.02,272494
2013-03-18,24.81,24.86,24.72,24.74,148842
2013-03-19,24.33,24.35,23.98,24.18,388088
2013-03-20,24.07,24.1499,24.03,24.14,198266
2013-03-21,23.97,23.97,23.76,23.76,91596
2013-03-22,23.93,23.96,23.84,23.89,26223
2013-03-25,23.77,23.872,23.6293,23.69,82720
2013-03-26,23.82,23.87,23.7,23.78,95152
2013-03-27,23.7,23.84,23.6601,23.84,39830
2013-03-28,23.91,24.03,23.89,24.03,55932
2013-04-01,23.97,24.03,23.841,23.8601,22699
2013-04-02,24.11,24.14,24.07,24.14,144629
2013-04-03,23.8,23.931,23.55,23.61,139807
2013-04-04,23.16,23.27,23.12,23.23,106608
2013-04-05,23.1,23.24,22.9501,23.24,92838
2013-04-08,23.26,23.33,23.14,23.33,103688
2013-04-09,23.09,23.3,23.0101,23.19,99343
2013-04-10,23.38,23.54,23.34,23.54,107212
2013-04-11,23.52,23.6,23.45,23.48,58112
2013-04-12,23.2,23.21,22.98,23.08,40415
2013-04-15,23.39,23.39,22.98,23.0,64170
2013-04-16,24.06,24.105,23.8758,24.08,66815
2013-04-17,24.08,24.08,23.83,23.92,52070
2013-04-18,24.4,24.46,24.24,24.28,61657
2013-04-19,24.52,24.67,24.42,24.67,94119
2013-04-22,24.77,24.78,24.54,24.73,346370
2013-04-23,24.65,24.91,24.65,24.9,165920
2013-04-24,24.91,25.06,24.91,24.97,21638
2013-04-25,25.07,25.12,25.0,25.05,147803
2013-04-26,24.71,24.8,24.62,24.68,182581
2013-04-29,24.88,25.05,24.88,25.045,82330
2013-04-30,25.21,25.48,25.18,25.48,64937
2013-05-01,25.46,25.47,25.23,25.25,46914
2013-05-02,25.48,25.67,25.48,25.67,96314
2013-05-03,25.41,25.63,25.39,25.52,49667
2013-05-06,25.39,25.44,25.36,25.39,21979
2013-05-07,25.61,25.75,25.61,25.68,44554
2013-05-08,25.82,25.89,25.78,25.89,49550
2013-05-09,25.71,25.715,25.5,25.54,336418
2013-05-10,25.55,25.59,25.46,25.58,102436
2013-05-13,25.22,25.22,25.04,25.04,86129
2013-05-14,25.18,25.31,25.11,25.25,67810
2013-05-15,25.76,25.85,25.71,25.82,287842
2013-05-16,25.94,25.96,25.77,25.77,99303
2013-05-17,25.9,25.93,25.77,25.92,357227
2013-05-20,25.71,25.82,25.709,25.82,95071
2013-05-21,25.42,25.5,25.35,25.42,80041
2013-05-22,25.24,25.52,24.96,25.04,151833
2013-05-23,24.56,24.646,24.459,24.57,191064
2013-05-24,24.61,24.61,24.42,24.56,99771
2013-05-28,25.0,25.06,24.88,24.92,79797
2013-05-29,24.83,24.87,24.67,24.7,65835
2013-05-30,24.86,24.91,24.72,24.74,126091
2013-05-31,24.25,24.33,23.94,23.945,194806
2013-06-03,23.9,24.22,23.88,24.22,139456
2013-06-04,24.09,24.12,23.87,23.93,136611
2013-06-05,23.89,23.91,23.55,23.55,69897
2013-06-06,23.86,23.93,23.65,23.93,117940
2013-06-07,23.56,23.7246,23.51,23.68,107841
2013-06-10,23.25,23.26,23.076,23.1,46201
2013-06-11,22.58,22.67,22.54,22.56,105371
2013-06-12,22.94,22.96,22.545,22.57,153441
2013-06-13,22.59,22.88,22.5,22.84,83853
2013-06-14,23.15,23.1952,22.901,22.95,52158
2013-06-17,23.11,23.2399,22.99,23.05,37411
2013-06-18,22.65,22.9,22.65,22.87,92549
2013-06-19,22.81,22.86,22.18,22.18,138530
2013-06-20,21.78,21.78,21.0,21.05,262919
2013-06-21,21.84,21.84,21.47,21.74,288104
2013-06-24,21.46,21.58,21.26,21.36,138681
2013-06-25,21.48,21.73,21.3639,21.68,176113
2013-06-26,21.21,21.52,21.21,21.49,87529
2013-06-27,21.61,22.09,21.61,22.06,106806
2013-06-28,22.27,22.41,22.22,22.31,155583
2013-07-01,22.55,22.67,22.48,22.5,85361
2013-07-02,22.52,22.62,22.2,22.26,31608
2013-07-03,21.9,22.09,21.83,21.98,163367
2013-07-05,22.17,22.17,21.82,21.94,741035
2013-07-08,21.91,22.15,21.91,22.06,200091
2013-07-09,22.37,22.41,22.255,22.36,92444
2013-07-10,22.29,22.34,22.1199,22.17,63475
2013-07-11,22.76,23.0,22.76,23.0,52269
2013-07-12,22.94,23.02,22.83,22.9,139582
2013-07-15,23.13,23.32,23.085,23.29,115566
2013-07-16,23.14,23.3,23.016,23.29,161649
2013-07-17,23.23,23.26,23.13,23.2,112456
2013-07-18,23.26,23.34,23.16,23.18,47230
2013-07-19,23.28,23.28,23.13,23.17,78269
2013-07-22,23.19,23.3016,23.09,23.29,53491
2013-07-23,23.25,23.34,23.07,23.09,137127
2013-07-24,23.08,23.1195,22.85,23.0,79855
2013-07-25,22.97,22.97,22.79,22.93,186711
2013-07-26,22.88,22.95,22.71,22.95,69248
2013-07-29,22.55,22.61,22.46,22.5,55579
2013-07-30,21.92,21.92,21.71,21.75,120954
2013-07-31,21.74,21.7702,21.4048,21.58,214863
2013-08-01,21.71,21.997,21.71,21.92,116267
2013-08-02,21.45,21.66,21.43,21.5,694797
2013-08-05,21.41,21.41,21.271,21.31,238370
2013-08-06,20.79,20.91,20.61,20.76,285418
2013-08-07,20.61,20.6599,20.57,20.62,58672
2013-08-08,21.0,21.19,20.861,21.19,99673
2013-08-09,21.09,21.21,21.09,21.12,90611
2013-08-12,21.0,21.16,20.98,21.12,93047
2013-08-13,21.25,21.3999,21.25,21.34,35687
2013-08-14,21.47,21.57,21.47,21.52,39513
2013-08-15,21.29,21.29,21.15,21.23,46870
2013-08-16,20.38,20.4867,20.2,20.28,168409
2013-08-19,19.71,19.71,19.3744,19.38,239564
2013-08-20,19.51,19.7399,19.51,19.71,167049
2013-08-21,19.01,19.01,18.71,18.71,322533
2013-08-22,19.1,19.35,19.1,19.27,197891
2013-08-23,19.6,19.81,19.59,19.73,358101
2013-08-26,19.61,19.655,19.27,19.28,185620
2013-08-27,18.18,18.25,18.1,18.11,374938
2013-08-28,17.64,18.3769,17.6,18.03,325315
2013-08-29,18.47,18.58,18.31,18.36,278335
2013-08-30,18.79,18.92,18.57,18.91,255737
2013-09-03,18.22,18.28,18.04,18.08,205645
2013-09-04,18.7,19.13,18.67,19.09,840506
2013-09-05,19.39,19.84,19.35,19.75,286567
2013-09-06,20.17,20.43,20.11,20.39,181582
2013-09-09,20.62,20.98,20.5,20.92,213898
2013-09-10,21.3,21.53,21.3,21.4,410831
2013-09-11,21.59,21.63,21.38,21.54,343547
2013-09-12,21.34,21.34,21.1323,21.17,184634
2013-09-13,21.1,21.478,21.1,21.45,240517
2013-09-16,21.49,21.55,21.39,21.39,106947
2013-09-17,21.37,21.49,21.35,21.43,83507
2013-09-18,21.27,22.63,21.27,22.59,495634
2013-09-19,22.76,22.9199,22.55,22.61,210174
2013-09-20,22.24,22.24,21.91,21.93,116100
2013-09-23,21.69,21.85,21.59,21.78,205363
2013-09-24,21.61,21.8193,21.58,21.71,87839
2013-09-25,21.73,21.73,21.49,21.54,227906
2013-09-26,21.74,21.99,21.74,21.94,82897
2013-09-27,21.33,21.4,21.03,21.1,215820
2013-09-30,20.9,21.07,20.76,21.02,127898
2013-10-01,21.04,21.46,21.04,21.41,235857
2013-10-02,21.44,21.61,21.3855,21.61,321976
2013-10-03,21.98,22.09,21.7232,21.9,89089
2013-10-04,22.02,22.34,22.02,22.27,124883
2013-10-07,22.19,22.34,22.13,22.27,149153
2013-10-08,22.01,22.09,21.71,21.72,78342
2013-10-09,22.15,22.37,22.1206,22.28,102373
2013-10-10,22.68,23.11,22.68,23.07,181131
2013-10-11,22.92,23.08,22.86,23.03,49034
2013-10-14,22.84,23.4,22.84,23.31,55278
2013-10-15,22.87,22.87,22.62,22.62,50793
2013-10-16,22.68,22.88,22.65,22.88,36398
2013-10-17,22.83,23.01,22.65,22.95,82477
2013-10-18,23.39,23.39,23.19,23.3,85037
2013-10-21,23.32,23.33,23.092,23.22,183326
2013-10-22,23.36,23.56,23.34,23.44,246741
2013-10-23,23.05,23.14,22.89,22.94,107525
2013-10-24,22.93,22.9789,22.86,22.89,182021
2013-10-25,22.83,23.07,22.83,23.03,120790
2013-10-28,22.85,22.89,22.71,22.8,171660
2013-10-29,23.14,23.36,23.14,23.29,176059
2013-10-30,23.34,23.45,23.14,23.25,154760
2013-10-31,23.39,23.5,23.17,23.19,108220
2013-11-01,23.38,23.43,23.16,23.33,169990
2013-11-04,23.23,23.4464,23.23,23.42,171082
2013-11-05,23.03,23.17,22.97,22.97,166005
2013-11-06,22.89,23.0,22.81,22.87,87700
2013-11-07,22.82,22.83,22.26,22.26,134534
2013-11-08,22.14,22.14,21.96,22.14,61196
2013-11-11,22.02,22.04,21.87,21.97,64252
2013-11-12,21.73,21.73,21.33,21.45,179268
2013-11-13,21.57,21.92,21.57,21.91,63457
2013-11-14,21.86,22.28,21.86,22.14,127889
2013-11-15,22.33,22.53,22.33,22.49,309594
2013-11-18,22.89,23.17,22.89,22.922,2049612
2013-11-19,23.04,23.04,22.778,22.82,172991
2013-11-20,22.63,22.63,22.23,22.29,136082
2013-11-21,21.87,21.99,21.87,21.96,133702
2013-11-22,21.96,22.25,21.92,22.16,147995
2013-11-25,22.48,22.59,22.26,22.269,83774
2013-11-26,22.12,22.32,22.09,22.3,161121
2013-11-27,22.27,22.4,22.26,22.29,114904
2013-11-29,22.6,22.86,22.6,22.76,110481
2013-12-02,22.93,22.97,22.6,22.61,59197
2013-12-03,22.86,22.86,22.6,22.66,88885
2013-12-04,22.78,23.24,22.78,23.11,83532
2013-12-05,23.09,23.37,23.09,23.1,132266
2013-12-06,23.59,23.97,23.49,23.87,222769
2013-12-09,24.11,24.21,24.01,24.06,436686
2013-12-10,23.86,23.96,23.83,23.96,114177
2013-12-11,23.72,23.79,23.39,23.42,159841
2013-12-12,23.03,23.05,22.8,22.99,92320
2013-12-13,22.79,22.88,22.69,22.81,103404
2013-12-16,22.98,23.161,22.98,23.03,180158
2013-12-17,22.8,22.89,22.6501,22.76,108276
2013-12-18,23.09,23.55,22.81,23.32,233604
2013-12-19,22.72,22.72,22.42,22.51,118478
2013-12-20,23.04,23.33,23.04,23.18,140535
2013-12-23,23.28,23.37,23.19,23.26,110159
2013-12-24,23.26,23.31,23.24,23.31,18506
2013-12-26,23.26,23.26,23.13,23.14,23656
2013-12-27,23.32,23.38,23.25,23.36,37730
2013-12-30,23.25,23.4499,23.25,23.4,70666
2013-12-31,23.28,23.549,23.27,23.51,131703
2014-01-02,23.0,23.0,22.46,22.51,149525
2014-01-03,22.82,22.82,22.66,22.75,237078
2014-01-06,22.78,22.78,22.6,22.68,185161
2014-01-07,22.69,22.75,22.59,22.68,125288
2014-01-08,22.71,22.75,22.62,22.71,111308
2014-01-09,22.77,22.77,22.52,22.72,26461
2014-01-10,22.84,23.21,22.84,23.12,420385
2014-01-13,23.33,23.49,23.05,23.09,117824
2014-01-14,23.29,23.38,23.08,23.37,83708
2014-01-15,23.59,23.69,23.44,23.48,65834
2014-01-16,23.55,23.55,23.36,23.45,166765
2014-01-17,23.26,23.26,23.06,23.09,65095
2014-01-21,23.43,23.43,23.1,23.1,105780
2014-01-22,23.48,23.49,23.32,23.49,65570
2014-01-23,23.41,23.41,23.0386,23.21,37890
2014-01-24,22.78,22.88,22.34,22.35,304749
2014-01-27,22.2,22.2,21.8,21.98,260020
2014-01-28,22.26,22.32,22.16,22.24,63280
2014-01-29,21.88,21.99,21.7,21.74,125585
2014-01-30,22.11,22.28,22.1,22.22,62149
2014-01-31,22.06,22.22,21.94,22.06,148639
2014-02-03,21.87,21.98,21.5,21.5,135588
2014-02-04,21.96,22.1752,21.96,22.14,104669
2014-02-05,22.03,22.1475,21.87,21.94,219117
2014-02-06,22.14,22.42,22.09,22.4,178840
2014-02-07,22.43,22.5752,22.41,22.42,138020
2014-02-10,22.25,22.33,22.02,22.18,330858
2014-02-11,22.23,22.62,22.19,22.47,269288
2014-02-12,22.46,22.74,22.46,22.49,154568
2014-02-13,21.98,22.24,21.91,22.19,85918
2014-02-14,22.28,22.62,22.28,22.51,66013
2014-02-18,22.67,22.69,22.48,22.48,161610
2014-02-19,22.56,22.68,22.4,22.44,52280
2014-02-20,22.48,22.67,22.32,22.59,104672
2014-02-21,22.67,22.87,22.67,22.74,70448
2014-02-24,22.82,23.09,22.8,22.95,165933
2014-02-25,22.98,23.11,22.77,22.81,205387
2014-02-26,22.89,23.019,22.83,22.86,45917
2014-02-27,22.97,23.28,22.94,23.24,180466
2014-02-28,23.4,23.41,23.04,23.08,225168
2014-03-03,22.91,22.91,22.72,22.77,75088
2014-03-04,23.35,23.47,23.35,23.44,173669
2014-03-05,23.51,23.75,23.5,23.71,79143
2014-03-06,24.19,24.33,24.03,24.21,544199
2014-03-07,24.4,24.4799,24.17,24.28,154668
2014-03-10,24.5,24.64,24.4,24.56,259563
2014-03-11,24.52,24.5999,24.28,24.33,238082
2014-03-12,24.36,24.5,24.31,24.5,114767
2014-03-13,24.49,24.51,24.021,24.18,93399
2014-03-14,24.33,24.54,24.24,24.3,230410
2014-03-17,24.5,24.71,24.5,24.59,126929
2014-03-18,24.49,24.88,24.49,24.83,214729
2014-03-19,24.6,24.78,24.051,24.3,137759
2014-03-20,24.23,24.59,24.23,24.52,73674
2014-03-21,24.52,24.79,24.4,24.51,209312
2014-03-24,25.01,25.13,24.87,25.12,351487
2014-03-25,25.12,25.45,25.12,25.4,180977
2014-03-26,25.45,25.51,25.31,25.32,274971
2014-03-27,25.28,25.54,25.25,25.54,370653
2014-03-28,25.82,25.99,25.66,25.77,180831
2014-03-31,25.83,25.9,25.72,25.72,319749
2014-04-01,25.8,26.05,25.8,26.01,213454
2014-04-02,26.03,26.19,25.95,26.16,557117
2014-04-03,25.85,25.85,25.46,25.69,292531
2014-04-04,25.85,26.13,25.61,25.62,180142
2014-04-07,25.47,25.73,25.45,25.54,147037
2014-04-08,25.78,25.93,25.64,25.85,179295
2014-04-09,25.96,26.33,25.87,26.25,275125
2014-04-10,26.09,26.11,25.6,25.65,86669
2014-04-11,25.57,25.76,25.57,25.69,321494
2014-04-14,25.74,25.89,25.69,25.89,139803
2014-04-15,25.54,25.678,25.27,25.49,344661
2014-04-16,25.36,25.59,25.28,25.54,63624
2014-04-17,25.78,25.94,25.71,25.88,70991
2014-04-21,25.89,25.8999,25.78,25.81,62631
2014-04-22,25.7,25.89,25.68,25.69,98107
2014-04-23,25.72,25.79,25.52,25.62,187962
2014-04-24,25.62,25.75,25.53,25.7,243024
2014-04-25,25.6,25.65,25.4001,25.52,167507
2014-04-28,25.53,25.69,25.38,25.61,367430
2014-04-29,25.52,25.8,25.52,25.66,205163
2014-04-30,25.36,25.61,25.36,25.58,100120
2014-05-01,25.42,25.67,25.42,25.63,98161
2014-05-02,25.55,25.73,25.43,25.72,379342
2014-05-05,25.59,25.71,25.52,25.68,245808
2014-05-06,25.64,25.9076,25.64,25.77,121484
2014-05-07,25.5,25.6755,25.5,25.63,199675
2014-05-08,25.54,25.63,25.44,25.44,169092
2014-05-09,26.19,26.54,26.19,26.51,267166
2014-05-12,27.48,27.64,27.29,27.55,596372
2014-05-13,27.63,27.67,27.41,27.61,286461
2014-05-14,27.62,27.62,27.39,27.47,170364
2014-05-15,27.55,27.69,27.28,27.3,439519
2014-05-16,28.44,28.74,28.22,28.69,424382
2014-05-19,28.71,28.71,28.45,28.61,278819
2014-05-20,28.72,28.72,28.46,28.51,319241
2014-05-21,28.36,28.64,28.32,28.56,97982
2014-05-22,28.89,28.9,28.78,28.84,254970
2014-05-23,29.0,29.21,29.0,29.1,276587
2014-05-27,28.81,28.81,28.36,28.49,517610
2014-05-28,28.54,28.59,28.4,28.51,265127
2014-05-29,28.4,28.41,28.1701,28.29,184751
2014-05-30,28.27,28.27,27.85,27.86,218733
2014-06-02,28.43,28.79,28.43,28.75,431481
2014-06-03,28.81,28.93,28.735,28.81,230716
2014-06-04,28.8,28.83,28.59,28.82,173240
2014-06-05,29.05,29.41,29.05,29.38,262177
2014-06-06,29.71,29.92,29.67,29.8,519624
2014-06-09,29.91,29.91,29.72,29.9,484559
2014-06-10,29.76,29.9,29.68,29.77,145079
2014-06-11,29.4,29.63,29.4,29.52,308071
2014-06-12,29.79,29.88,29.5501,29.63,192926
2014-06-13,29.22,29.22,28.96,29.09,190551
2014-06-16,28.79,28.8837,28.7,28.73,170083
2014-06-17,29.12,29.28,29.03,29.22,304454
2014-06-18,28.99,29.35,28.8,29.26,464491
2014-06-19,29.0,29.06,28.8,28.83,517625
2014-06-20,28.68,28.89,28.68,28.88,65817
2014-06-23,29.01,29.01,28.6442,28.79,70868
2014-06-24,28.97,29.07,28.79,28.84,245815
2014-06-25,28.74,28.98,28.74,28.97,337849
2014-06-26,28.7,28.7,28.5,28.69,72320
2014-06-27,28.76,28.83,28.66,28.76,66731
2014-06-30,29.08,29.09,28.9,28.97,40622
2014-07-01,29.31,29.42,29.16,29.41,333955
2014-07-02,29.96,29.96,29.8,29.89,525301
2014-07-03,29.74,29.86,29.65,29.85,44451
2014-07-07,29.91,29.91,29.78,29.84,320969
2014-07-08,29.5,29.5,29.04,29.12,418327
2014-07-09,29.23,29.28,29.08,29.23,367559
2014-07-10,28.8,28.89,28.48,28.84,84606
2014-07-11,28.63,28.66,28.5,28.58,80710
2014-07-14,28.53,28.66,28.53,28.63,148644
2014-07-15,28.88,28.9,28.65,28.79,243549
2014-07-16,29.2,29.35,29.165,29.27,62887
2014-07-17,29.3,29.3,28.7,28.73,135727
2014-07-18,29.21,29.4,29.01,29.38,340670
2014-07-21,29.35,29.56,29.23,29.49,149369
2014-07-22,29.99,30.0,29.85,29.98,271180
2014-07-23,30.0,30.0,29.83,29.93,382526
2014-07-24,29.99,30.1,29.95,30.05,185199
2014-07-25,29.93,29.93,29.77,29.87,207151
2014-07-28,29.78,29.97,29.64,29.92,971361
2014-07-29,29.79,29.91,29.63,29.67,389838
2014-07-30,29.89,29.89,29.54,29.72,170004
2014-07-31,29.31,29.46,28.81,29.03,240325
2014-08-01,28.91,29.05,28.74,29.0,339564
2014-08-04,29.09,29.3,29.02,29.28,456055
2014-08-05,29.27,29.33,29.03,29.15,480159
2014-08-06,28.79,28.86,28.66,28.7,203758
2014-08-07,28.79,28.84,28.48,28.57,240643
2014-08-08,28.62,28.84,28.5,28.7901,103362
2014-08-11,28.89,29.06,28.8386,29.04,124485
2014-08-12,28.95,29.1,28.95,29.05,169895
2014-08-13,29.27,29.33,29.16,29.23,143177
2014-08-14,29.47,29.66,29.47,29.63,153623
2014-08-15,29.59,29.68,29.34,29.54,110075
2014-08-18,29.98,30.03,29.78,30.01,262098
2014-08-19,29.95,30.11,29.93,30.09,92315
2014-08-20,29.98,30.18,29.895,30.09,247633
2014-08-21,30.14,30.15,30.05,30.12,176763
2014-08-22,30.15,30.23,30.035,30.14,59873
2014-08-25,29.97,30.22,29.97,30.21,104178
2014-08-26,30.25,30.28,30.21,30.23,116031
2014-08-27,30.42,30.42,30.264,30.38,91793
2014-08-28,30.14,30.26,30.12,30.17,110013
2014-08-29,30.39,30.46,30.24,30.27,83793
2014-09-02,30.77,30.77,30.62,30.66,270931
2014-09-03,31.0,31.0,30.8699,30.98,272498
2014-09-04,31.07,31.1,30.8,30.86,238043
2014-09-05,31.13,31.28,30.94,31.25,323301
2014-09-08,31.42,31.42,31.12,31.16,268501
2014-09-09,31.0,31.0,30.65,30.68,145067
2014-09-10,30.69,30.81,30.52,30.79,279500
2014-09-11,30.69,30.79,30.52,30.55,172557
2014-09-12,30.69,30.69,30.35,30.44,174009
2014-09-15,30.39,30.39,30.17,30.23,173513
2014-09-16,29.95,30.22,29.6801,30.07,196036
2014-09-17,30.28,30.31,29.91,29.91,231522
2014-09-18,30.69,30.869,30.57,30.83,299809
2014-09-19,30.8,30.85,30.45,30.45,576564
2014-09-22,30.66,30.81,30.45,30.54,126527
2014-09-23,30.17,30.23,30.05,30.06,161443
2014-09-24,30.16,30.52,30.14,30.42,206556
2014-09-25,29.74,29.77,29.42,29.53,737669
2014-09-26,29.74,30.02,29.74,29.95,182374
2014-09-29,29.65,29.73,29.55,29.61,97293
2014-09-30,29.56,29.67,29.4,29.65,153583
2014-10-01,29.72,29.72,29.15,29.15,341822
2014-10-02,29.29,29.41,28.955,29.31,358580
2014-10-03,29.31,29.6,29.17,29.56,201472
2014-10-06,29.83,29.85,29.57,29.78,274262
2014-10-07,29.41,29.52,29.17,29.18,267598
2014-10-08,29.37,29.94,29.1901,29.89,830369
2014-10-09,29.89,29.95,29.58,29.63,426388
2014-10-10,29.42,29.5547,29.18,29.19,288114
2014-10-13,29.67,29.97,29.45,29.455,186495
2014-10-14,29.53,29.68,29.37,29.5,263622
2014-10-15,29.4,29.67,28.98,29.54,487616
2014-10-16,28.75,29.25,28.56,29.06,414461
2014-10-17,29.2,29.53,29.105,29.34,239348
2014-10-20,29.62,29.93,29.53,29.89,302675
2014-10-21,29.93,30.31,29.93,30.26,363798
2014-10-22,30.31,30.31,29.92,30.0,401907
2014-10-23,30.22,30.26,30.1,30.13,222730
2014-10-24,30.0,30.43,30.0,30.43,498654
2014-10-27,30.07,30.12,29.9872,30.11,236410
2014-10-28,30.2,30.53,30.17,30.505,239237
2014-10-29,30.56,30.62,30.18,30.34,251860
2014-10-30,30.64,30.885,30.52,30.84,149482
2014-10-31,31.0,31.42,31.0,31.42,340821
2014-11-03,31.46,31.46,31.27,31.32,728201
2014-11-04,31.53,31.53,31.26,31.39,532103
2014-11-05,31.48,31.48,31.21,31.39,389476
2014-11-06,31.5,31.51,31.33,31.34,247277
2014-11-07,31.36,31.398,31.27,31.39,302006
2014-11-10,31.46,31.47,31.3,31.35,277446
2014-11-11,31.3,31.49,31.25,31.27,2838833
2014-11-12,31.39,31.49,31.34,31.39,175897
2014-11-13,31.4,31.41,31.14,31.18,271990
2014-11-14,31.2,31.46,31.19,31.44,839279
2014-11-17,31.46,31.46,31.35,31.38,337315
2014-11-18,31.37,31.529,31.37,31.49,133285
2014-11-19,31.27,31.27,31.049,31.19,165357
2014-11-20,31.15,31.35,31.15,31.26,1271689
2014-11-21,31.82,32.02,31.74,32.0,350586
2014-11-24,31.94,31.94,31.72,31.77,335497
2014-11-25,31.68,31.68,31.25,31.31,293148
2014-11-26,31.54,31.63,31.461,31.61,243929
2014-11-28,31.81,31.815,31.602,31.67,374043
2014-12-01,31.73,31.78,31.4,31.41,817198
2014-12-02,31.64,31.66,31.52,31.64,368111
2014-12-03,31.78,31.8,31.73,31.75,251353
2014-12-04,31.87,31.93,31.75,31.84,326428
2014-12-05,31.74,31.86,31.67,31.8,379232
2014-12-08,31.59,31.59,31.23,31.32,184859
2014-12-09,31.01,31.02,30.75,30.84,210528
2014-12-10,30.98,30.99,30.57,30.58,220201
2014-12-11,30.55,30.65,30.342,30.39,258226
2014-12-12,30.23,30.26,29.89,29.92,310788
2014-12-15,29.61,29.73,29.14,29.17,433160
2014-12-16,28.55,29.07,28.52,28.68,425937
2014-12-17,28.78,29.61,28.7,29.4,381058
2014-12-18,29.94,30.0,29.76,30.0,184109
2014-12-19,29.95,30.01,29.7,29.8,260997
2014-12-22,30.16,30.23,30.03,30.23,141342
2014-12-23,30.11,30.11,29.76,29.83,237753
2014-12-24,29.63,29.66,29.53,29.66,66235
2014-12-26,29.71,29.71,29.39,29.39,90698
2014-12-29,29.66,29.79,29.66,29.74,163963
2014-12-30,29.76,29.976,29.76,29.93,121202
2014-12-31,30.1,30.11,29.82,29.9,123256
2015-01-02,30.36,30.53,30.29,30.4,227792
2015-01-05,30.45,30.45,29.95,30.05,499000
2015-01-06,29.44,29.44,28.96,29.1,491530
2015-01-07,29.38,29.6,29.29,29.57,291303
2015-01-08,30.08,30.5,30.08,30.48,229243
2015-01-09,30.69,30.69,30.36,30.5,196032
2015-01-12,30.78,30.79,30.54,30.68,411312
2015-01-13,30.91,30.995,30.4501,30.62,130759
2015-01-14,30.42,30.56,30.24,30.54,305758
2015-01-15,31.47,31.77,31.47,31.63,323947
2015-01-16,31.8,32.18,31.7,32.16,634034
2015-01-20,32.65,32.65,32.4,32.52,888330
2015-01-21,32.65,32.88,32.52,32.86,932765
2015-01-22,32.93,33.45,32.7999,33.43,652727
2015-01-23,33.14,33.18,32.99,33.03,566434
2015-01-26,33.03,33.2599,32.99,33.2,425387
2015-01-27,33.1,33.43,33.1,33.33,617206
2015-01-28,33.48,33.48,33.0301,33.09,370781
2015-01-29,33.41,33.46,33.11,33.44,442884
2015-01-30,32.76,32.76,32.23,32.28,461146
2015-02-02,32.59,32.9023,32.58,32.89,392435
2015-02-03,32.72,32.84,32.53,32.79,484896
2015-02-04,32.59,32.6,32.3,32.38,320483
2015-02-05,32.37,32.4,32.2135,32.38,262092
2015-02-06,32.16,32.16,31.86,31.92,420594
2015-02-09,31.43,31.5,31.18,31.25,317338
2015-02-10,31.5,31.75,31.4,31.69,280366
2015-02-11,31.78,31.87,31.561,31.79,159964
2015-02-12,32.23,32.42,32.09,32.36,558602
2015-02-13,32.8,32.83,32.6,32.71,297833
2015-02-17,32.59,32.64,32.42,32.58,210593
2015-02-18,32.73,32.91,32.52,32.85,170820
2015-02-19,32.9,32.94,32.7775,32.87,247772
2015-02-20,32.61,32.88,32.45,32.8,170072
2015-02-23,32.44,32.44,32.15,32.33,266010
2015-02-24,32.49,32.66,32.26,32.64,452067
2015-02-25,32.52,32.66,32.46,32.65,400323
2015-02-26,32.38,32.5,32.29,32.44,250878
2015-02-27,33.02,33.22,32.924,33.17,377359
2015-03-02,33.32,33.43,33.19,33.4,389136
2015-03-03,33.4,33.4,33.25,33.34,518210
2015-03-04,33.47,33.54,32.69,33.02,496296
2015-03-05,32.91,33.105,32.9,33.0,244862
2015-03-06,32.79,32.79,32.41,32.48,312373
2015-03-09,32.23,32.23,32.03,32.07,214528
2015-03-10,31.95,31.95,31.66,31.7,277946
2015-03-11,31.92,31.97,31.75,31.97,266905
2015-03-12,32.43,32.49,32.33,32.47,775109
2015-03-13,31.72,31.76,31.3,31.45,424855
2015-03-16,31.69,31.84,31.55,31.82,284619
2015-03-17,31.76,32.18,31.76,32.17,499132
2015-03-18,31.82,32.8,31.76,32.6,533828
2015-03-19,31.74,31.78,31.5,31.55,1036078
2015-03-20,31.62,31.82,31.55,31.56,343694
2015-03-23,31.77,31.77,31.445,31.53,409623
2015-03-24,31.6,31.61,31.47,31.59,486708
2015-03-25,31.41,31.5,30.93,30.93,305310
2015-03-26,30.73,30.73,30.431,30.57,599178
2015-03-27,30.62,30.69,30.55,30.64,190956
2015-03-30,31.1,31.42,31.02,31.4,508625
2015-03-31,31.07,31.36,31.061,31.34,258093
2015-04-01,31.64,31.86,31.56,31.82,529265
2015-04-02,31.84,32.0,31.78,32.0,368801
2015-04-06,32.0,32.14,31.85,32.1,196651
2015-04-07,32.16,32.16,31.89,31.9,303396
2015-04-08,32.05,32.31,32.05,32.17,206553
2015-04-09,32.3,32.54,32.3,32.52,257292
2015-04-10,32.25,32.5,32.2485,32.49,191151
2015-04-13,32.42,32.57,32.39,32.43,818674
2015-04-14,32.42,32.56,32.39,32.5,252483
2015-04-15,32.07,32.4,32.07,32.4,726332
2015-04-16,31.99,32.1,31.91,31.98,239085
2015-04-17,31.59,31.61,31.38,31.47,276994
2015-04-20,30.97,31.0,30.6839,30.77,328188
2015-04-21,30.66,30.66,30.52,30.58,352705
2015-04-22,30.75,30.94,30.65,30.94,706985
2015-04-23,30.53,30.58,30.35,30.57,322320
2015-04-24,30.14,30.16,29.885,29.93,507781
2015-04-27,29.6,29.74,29.55,29.74,474943
2015-04-28,29.89,30.1099,29.83,30.07,390058
2015-04-29,29.82,29.88,29.64,29.71,925166
2015-04-30,29.69,29.69,29.24,29.31,467252
2015-05-01,29.4,29.6299,29.3264,29.6,198121
2015-05-04,29.99,30.08,29.88,29.93,1258043
2015-05-05,30.05,30.0999,29.92,29.97,392767
2015-05-06,29.25,29.29,28.87,28.95,376785
2015-05-07,28.75,29.155,28.7401,29.14,1035084
2015-05-08,29.67,29.87,29.58,29.82,268365
2015-05-11,29.94,30.107,29.83,29.87,450873
2015-05-12,29.17,29.25,29.08,29.12,396207
2015-05-13,29.43,29.7,29.43,29.6,269930
2015-05-14,29.71,30.0,29.69,29.92,187600
2015-05-15,29.9,30.03,29.81,30.0,185510
2015-05-18,30.25,30.25,30.11,30.14,295285
2015-05-19,30.17,30.23,30.04,30.1,159328
2015-05-20,30.37,30.59,30.33,30.57,215253
2015-05-21,30.48,30.5,30.36,30.47,211235
2015-05-22,30.56,30.6,30.48,30.5,195890
2015-05-26,30.07,30.12,29.78,29.89,341510
2015-05-27,29.92,30.09,29.87,30.07,228765
2015-05-28,29.78,29.93,29.76,29.87,102824
2015-05-29,30.36,30.56,30.29,30.39,446196
2015-06-01,30.59,30.63,30.33,30.39,297746
2015-06-02,29.7,29.74,29.59,29.67,239649
2015-06-03,29.42,29.42,28.99,28.99,2068793
2015-06-04,28.97,29.21,28.88,29.02,326352
2015-06-05,29.01,29.05,28.87,28.92,310692
2015-06-08,28.8,28.81,28.63,28.66,490065
2015-06-09,28.62,28.8,28.4515,28.51,459620
2015-06-10,28.95,29.23,28.81,29.16,268131
2015-06-11,28.43,28.71,28.28,28.37,1092870
2015-06-12,28.45,28.53,28.28,28.48,224671
2015-06-15,28.46,28.7449,28.44,28.58,133697
2015-06-16,28.65,28.84,28.58,28.8,173611
2015-06-17,28.76,29.26,28.76,29.15,210380
2015-06-18,29.34,29.75,29.34,29.68,230621
2015-06-19,29.84,29.9153,29.72,29.78,159884
2015-06-22,30.07,30.31,30.07,30.16,324502
2015-06-23,30.26,30.36,30.25,30.34,237769
2015-06-24,30.16,30.16,29.97,29.99,204271
2015-06-25,30.3,30.34,30.09,30.1,75488
2015-06-26,30.04,30.2712,30.01,30.24,278854
2015-06-29,29.64,29.8312,29.46,29.54,296953
2015-06-30,29.99,30.05,29.78,29.86,212154
2015-07-01,30.21,30.38,30.18,30.31,301418
2015-07-02,30.32,30.49,30.32,30.42,97735
2015-07-06,30.49,30.8354,30.49,30.75,355789
2015-07-07,30.57,30.68,30.32,30.56,512853
2015-07-08,29.99,30.17,29.71,29.73,364041
2015-07-09,30.21,30.21,29.81,29.82,690342
2015-07-10,30.19,30.37,30.06,30.3,384073
2015-07-13,30.49,30.61,30.435,30.55,436101
2015-07-14,30.53,30.7,30.49,30.64,146020
2015-07-15,30.78,30.84,30.59,30.67,760295
2015-07-16,31.03,31.26,31.03,31.22,697465
2015-07-17,31.22,31.22,31.08,31.17,126244
2015-07-20,30.95,31.07,30.83,30.96,263140
2015-07-21,30.88,30.88,30.67,30.7,200547
2015-07-22,30.9,31.07,30.9,30.98,207931
2015-07-23,30.96,30.96,30.6101,30.64,294461
2015-07-24,30.51,30.51,30.2,30.31,122889
2015-07-27,29.8,29.82,29.63,29.71,200033
2015-07-28,29.94,29.95,29.7101,29.85,230192
2015-07-29,30.1,30.15,29.9452,30.1,181705
2015-07-30,30.09,30.25,30.05,30.2,186674
2015-07-31,30.58,30.74,30.5,30.66,325783
2015-08-03,30.66,30.66,30.34,30.47,352790
2015-08-04,30.57,30.69,30.48,30.57,249824
2015-08-05,30.83,30.94,30.74,30.79,186872
2015-08-06,30.77,30.9,30.63,30.64,322303
2015-08-07,30.64,30.74,30.56,30.71,194896
2015-08-10,30.65,30.7,30.47,30.64,190265
2015-08-11,29.99,30.1285,29.92,30.05,472315
2015-08-12,29.5,29.5699,29.25,29.4,708945
2015-08-13,29.5,29.72,29.41,29.62,1158067
2015-08-14,29.94,30.22,29.94,30.13,883669
2015-08-17,29.79,29.79,29.63,29.71,577444
2015-08-18,29.48,29.63,29.48,29.54,176336
2015-08-19,29.66,29.9499,29.58,29.69,308567
2015-08-20,29.18,29.24,28.95,28.97,410265
2015-08-21,28.43,28.59,27.85,27.85,1973470
2015-08-24,25.0,26.625,25.0,26.06,1190368
2015-08-25,27.39,27.5,26.6,26.62,506261
2015-08-26,26.97,27.4,26.75,27.34,378594
2015-08-27,27.51,28.0,27.51,27.98,552178
2015-08-28,27.76,27.78,27.49,27.63,293874
2015-08-31,27.36,27.48,27.23,27.42,121982
2015-09-01,26.62,26.7996,26.34,26.45,555066
2015-09-02,26.7,26.82,26.59,26.82,154243
2015-09-03,27.02,27.3,26.96,27.03,243465
2015-09-04,26.17,26.25,25.91,26.03,558050
2015-09-08,26.49,26.72,26.4,26.68,879029
2015-09-09,26.98,27.04,26.47,26.54,377219
2015-09-10,26.69,26.93,26.66,26.82,96393
2015-09-11,26.77,27.12,26.77,27.12,192586
2015-09-14,27.16,27.16,26.97,27.15,82571
2015-09-15,27.05,27.3,26.98,27.22,213637
2015-09-16,27.33,27.79,27.33,27.76,249628
2015-09-17,27.57,28.35,27.56,27.91,203536
2015-09-18,27.64,27.8599,27.41,27.5,142022
2015-09-21,27.94,27.94,27.75,27.84,58679
2015-09-22,27.08,27.1,26.91,27.07,92305
2015-09-23,27.2,27.27,27.015,27.03,90314
2015-09-24,26.85,27.27,26.72,27.18,156692
2015-09-25,27.3,27.37,27.09,27.2,281955
2015-09-28,26.92,26.92,26.56,26.65,592686
2015-09-29,27.06,27.18,26.91,27.07,569239
2015-09-30,27.69,27.92,27.61,27.9,126143
2015-10-01,27.72,27.76,27.48,27.7,148928
2015-10-02,27.46,28.24,27.44,28.22,226911
2015-10-05,28.61,29.03,28.57,29.02,382224
2015-10-06,28.75,28.77,28.55,28.69,228255
2015-10-07,29.01,29.07,28.9,29.01,178173
2015-10-08,28.63,29.105,28.63,29.07,64038
2015-10-09,29.01,29.23,29.01,29.12,380711
2015-10-12,29.0,29.0,28.76,28.79,85101
2015-10-13,28.39,28.6999,28.39,28.44,192523
2015-10-14,28.65,28.72,28.44,28.47,38311
2015-10-15,28.88,29.05,28.77,28.99,77973
2015-10-16,29.28,29.42,29.13,29.42,342615
2015-10-19,29.26,29.26,29.08,29.15,425067
2015-10-20,29.14,29.165,29.0515,29.16,176405
2015-10-21,29.13,29.13,28.8311,28.86,88597
2015-10-22,29.03,29.43,29.03,29.39,73050
2015-10-23,29.35,29.57,29.35,29.51,90630
2015-10-26,29.11,29.3,29.06,29.2,215137
2015-10-27,28.91,29.01,28.8104,28.9,188191
2015-10-28,28.85,28.88,28.31,28.56,188768
2015-10-29,28.24,28.36,28.19,28.24,253169
2015-10-30,28.25,28.25,27.97,27.98,143169
2015-11-02,28.12,28.27,28.03,28.25,127761
2015-11-03,28.06,28.32,27.96,28.22,372631
2015-11-04,28.19,28.19,27.84,27.86,89779
2015-11-05,27.73,27.73,27.55,27.66,148318
2015-11-06,27.38,27.67,27.24,27.65,478672
2015-11-09,27.2,27.2,26.86,26.96,259379
2015-11-10,26.89,26.93,26.77,26.85,219410
2015-11-11,26.96,26.97,26.78,26.79,156963
2015-11-12,26.74,26.89,26.64,26.65,112671
2015-11-13,26.73,26.735,26.55,26.62,208261
2015-11-16,26.85,27.37,26.85,27.31,324464
2015-11-17,27.22,27.22,26.96,27.09,230606
2015-11-18,26.8,27.05,26.74,27.02,170247
2015-11-19,27.13,27.16,27.055,27.08,171746
2015-11-20,27.13,27.3296,27.1023,27.19,156888
2015-11-23,27.02,27.07,26.85,26.91,210111
2015-11-24,26.9,27.06,26.8,27.01,180445
2015-11-25,26.92,27.01,26.82,27.01,206086
2015-11-27,27.0,27.15,26.99,27.03,100058
2015-11-30,27.18,27.37,27.18,27.29,341586
2015-12-01,27.39,27.42,27.28,27.41,267492
2015-12-02,27.18,27.21,26.91,26.94,296876
2015-12-03,26.9,26.9,26.57,26.58,410512
2015-12-04,26.56,26.95,26.56,26.92,211100
2015-12-07,26.65,26.65,26.39,26.47,907884
2015-12-08,26.13,26.2683,26.08,26.22,820343
2015-12-09,26.01,26.175,25.91,26.01,458064
2015-12-10,26.14,26.35,26.14,26.215,521839
2015-12-11,25.86,25.87,25.56,25.585,213975
2015-12-14,25.81,26.05,25.78,26.02,1151307
2015-12-15,26.38,26.43,26.26,26.31,481575
2015-12-16,26.58,26.87,26.46,26.78,1036466
2015-12-17,27.01,27.09,26.79,26.79,274340
2015-12-18,26.65,26.83,26.65,26.73,287615
2015-12-21,27.04,27.04,26.9,27.01,163167
2015-12-22,26.85,26.96,26.79,26.94,189483
2015-12-23,27.24,27.32,27.13,27.27,286035
2015-12-24,27.09,27.27,27.09,27.245,85399
2015-12-28,27.24,27.3,27.19,27.23,145199
2015-12-29,27.38,27.38,27.23,27.26,332821
2015-12-30,27.17,27.2,27.02,27.05,240740
2015-12-31,27.26,27.32,27.1701,27.19,126080
2016-01-04,26.59,26.67,26.48,26.67,273821
2016-01-05,26.68,26.895,26.68,26.81,545973
2016-01-06,26.4,26.5,26.31,26.44,298106
2016-01-07,25.8,26.06,25.6,25.6,419650
2016-01-08,25.87,25.88,25.54,25.55,607037
2016-01-11,25.84,25.97,25.69,25.85,242001
2016-01-12,25.74,25.89,25.56,25.78,192654
2016-01-13,25.97,25.97,25.46,25.51,231343
2016-01-14,25.44,25.79,25.37,25.67,316502
2016-01-15,24.95,25.0,24.77,24.94,371650
2016-01-19,25.09,25.15,24.74,24.9,313385
2016-01-20,24.53,24.78,24.26,24.56,367567
2016-01-21,24.59,24.81,24.52,24.58,307641
2016-01-22,25.2,25.24,25.1,25.22,245256
2016-01-25,25.09,25.16,24.8301,24.84,308218
2016-01-26,24.99,25.22,24.99,25.18,308755
2016-01-27,25.09,25.25,24.76,24.91,688245
2016-01-28,24.98,25.09,24.87,25.03,334272
2016-01-29,25.54,25.81,25.43,25.79,508413
2016-02-01,25.42,25.66,25.42,25.57,167767
2016-02-02,25.24,25.24,24.82,24.88,244384
2016-02-03,24.93,25.27,24.6404,25.17,249309
2016-02-04,25.14,25.34,25.07,25.2,111255
2016-02-05,25.31,25.31,25.04,25.14,119677
2016-02-08,24.78,24.96,24.6199,24.9,134132
2016-02-09,24.37,24.68,24.3,24.57,396832
2016-02-10,24.42,24.53,24.18,24.19,335883
2016-02-11,23.32,23.53,23.24,23.43,239538
2016-02-12,23.52,23.69,23.4363,23.65,547297
2016-02-16,23.62,23.73,23.56,23.68,151066
2016-02-17,23.92,24.15,23.92,24.12,111669
2016-02-18,24.18,24.18,23.91,23.94,106622
2016-02-19,23.98,24.0499,23.86,23.93,112080
2016-02-22,24.2,24.39,24.19,24.36,123093
2016-02-23,23.97,23.97,23.69,23.72,280130
2016-02-24,23.41,23.74,23.33,23.64,133534
2016-02-25,23.31,23.49,23.27,23.49,67047
2016-02-26,23.45,23.49,23.27,23.31,108834
2016-02-29,23.54,23.75,23.54,23.55,179558
2016-03-01,24.51,24.84,24.4901,24.78,103865
2016-03-02,25.025,25.36,25.0,25.33,203347
2016-03-03,25.41,25.5,25.36,25.48,489521
2016-03-04,25.7,25.97,25.63,25.9,565360
2016-03-07,25.73,25.96,25.6901,25.78,146366
2016-03-08,25.45,25.46,25.26,25.32,399313
2016-03-09,25.63,25.77,25.6211,25.69,200051
2016-03-10,25.69,25.71,25.3,25.5,106896
2016-03-11,25.7,25.91,25.64,25.9,118930
2016-03-14,25.8,25.85,25.67,25.76,119933
2016-03-15,25.43,25.47,25.32,25.47,97859
2016-03-16,25.46,26.13,25.46,26.05,109364
2016-03-17,25.82,26.11,25.79,26.05,339312
2016-03-18,26.29,26.41,26.25,26.32,258759
2016-03-21,26.5,26.69,26.5,26.62,113950
2016-03-22,26.46,26.64,26.44,26.54,119775
2016-03-23,26.45,26.49,26.31,26.39,168802
2016-03-24,26.29,26.39,26.21,26.39,49341
2016-03-28,26.24,26.34,26.21,26.28,56058
2016-03-29,26.16,26.55,26.13,26.52,87015
2016-03-30,26.89,26.99,26.85,26.85,111042
2016-03-31,26.89,27.02,26.85,26.9,141348
2016-04-01,26.5,26.91,26.41,26.89,93021
2016-04-04,26.97,26.97,26.751,26.83,85004
2016-04-05,26.31,26.31,26.1,26.12,378901
2016-04-06,26.15,26.4,26.04,26.4,163273
2016-04-07,25.93,26.01,25.6801,25.75,79671
2016-04-08,26.09,26.09,25.87,25.94,103825
2016-04-11,26.47,26.5499,26.39,26.39,132323
2016-04-12,26.61,26.85,26.52,26.77,139120
2016-04-13,27.0,27.23,27.0,27.19,211535
2016-04-14,27.25,27.27,27.1701,27.23,41716
2016-04-15,27.31,27.33,27.16,27.25,555594
2016-04-18,27.17,27.39,27.17,27.33,211596
2016-04-19,27.56,27.77,27.56,27.71,122429
2016-04-20,27.43,27.58,27.371,27.46,114604
2016-04-21,27.38,27.38,27.13,27.16,135779
2016-04-22,27.14,27.27,27.13,27.16,99359
2016-04-25,27.12,27.12,26.92,26.97,161983
2016-04-26,27.48,27.52,27.39,27.48,197152
2016-04-27,27.47,27.79,27.41,27.73,222933
2016-04-28,27.15,27.28,27.04,27.1,227764
2016-04-29,27.08,27.1399,26.91,27.04,167735
2016-05-02,26.87,26.94,26.83,26.9,201463
2016-05-03,26.63,26.6694,26.42,26.42,218056
2016-05-04,26.46,26.47,26.21,26.27,165754
2016-05-05,26.5,26.545,26.417,26.46,99946
2016-05-06,26.5,26.65,26.49,26.59,108347
2016-05-09,26.92,26.98,26.78,26.78,142401
2016-05-10,26.99,27.11,26.97,27.07,487042
2016-05-11,26.99,27.07,26.91,26.94,69530
2016-05-12,27.08,27.12,26.9114,26.95,91997
2016-05-13,26.75,26.87,26.43,26.48,138683
2016-05-16,26.88,26.9978,26.88,26.89,125799
2016-05-17,26.89,26.99,26.75,26.79,75337
2016-05-18,26.77,26.94,26.55,26.68,358849
2016-05-19,26.2,26.29,26.11,26.27,492750
2016-05-20,26.35,26.42,26.32,26.35,169913
2016-05-23,26.09,26.26,26.09,26.18,217906
2016-05-24,26.24,26.41,26.23,26.38,171146
2016-05-25,26.9,27.24,26.9,27.14,233591
2016-05-26,27.56,27.7299,27.56,27.7,113086
2016-05-27,27.95,28.0399,27.91,27.98,104728
2016-05-31,27.94,28.0,27.84,27.89,246880
2016-06-01,27.78,27.93,27.755,27.88,104813
2016-06-02,27.93,28.2164,27.93,28.18,109212
2016-06-03,28.21,28.42,28.16,28.37,201959
2016-06-06,28.26,28.4299,28.22,28.38,308484
2016-06-07,28.47,28.66,28.41,28.6,199971
2016-06-08,28.6,28.7799,28.6,28.73,185576
2016-06-09,28.27,28.37,28.18,28.31,396898
2016-06-10,28.12,28.2,27.9524,28.0,248106
2016-06-13,27.72,27.88,27.65,27.68,246775
2016-06-14,27.66,27.75,27.54,27.68,154422
2016-06-15,28.17,28.34,28.11,28.19,126909
2016-06-16,27.86,28.02,27.665,28.0,282361
2016-06-17,28.05,28.08,27.93,28.05,122073
2016-06-20,28.2,28.24,28.0764,28.1,91410
2016-06-21,27.97,27.9801,27.76,27.89,147898
2016-06-22,27.87,28.03,27.82,27.83,326297
2016-06-23,28.21,28.535,28.19,28.49,251481
2016-06-24,27.21,27.592,27.078,27.15,367622
2016-06-27,27.25,27.25,26.95,27.15,149326
2016-06-28,27.49,27.6901,27.4501,27.67,114408
2016-06-29,28.0,28.22,27.97,28.19,175860
2016-06-30,28.24,28.34,28.08,28.3,223139
2016-07-01,28.57,28.71,28.57,28.65,81664
2016-07-05,28.36,28.51,28.22,28.24,308836
2016-07-06,28.2,28.35,28.0901,28.33,107497
2016-07-07,28.32,28.4799,28.25,28.28,109488
2016-07-08,28.52,28.77,28.51,28.74,70647
2016-07-11,28.99,29.15,28.99,29.05,144259
2016-07-12,29.18,29.4,29.18,29.33,108735
2016-07-13,29.26,29.26,29.12,29.18,122480
2016-07-14,29.43,29.57,29.35,29.48,89644
2016-07-15,29.31,29.44,29.2616,29.315,115526
2016-07-18,29.13,29.28,29.03,29.25,46041
2016-07-19,29.16,29.2401,29.14,29.22,56555
2016-07-20,29.25,29.34,29.18,29.34,89320
2016-07-21,29.01,29.14,29.01,29.07,89820
2016-07-22,29.2,29.3377,29.19,29.32,46691
2016-07-25,29.34,29.43,29.3,29.35,141135
2016-07-26,29.25,29.32,29.1601,29.27,63501
2016-07-27,29.42,29.65,29.31,29.56,90826
2016-07-28,29.61,29.78,29.6,29.72,156129
2016-07-29,29.66,29.8314,29.64,29.78,65297
2016-08-01,29.71,29.76,29.57,29.62,134086
2016-08-02,29.7,29.8,29.5301,29.68,105659
2016-08-03,29.33,29.65,29.3,29.64,85296
2016-08-04,29.6,29.64,29.5,29.5,142209
2016-08-05,29.76,29.98,29.75,29.95,62530
2016-08-08,30.0,30.0,29.9,29.94,116633
2016-08-09,29.8,29.93,29.79,29.87,76314
2016-08-10,29.56,29.59,29.433,29.47,116159
2016-08-11,29.89,29.89,29.588,29.87,111380
2016-08-12,29.95,29.96,29.82,29.86,97797
2016-08-15,29.87,30.0,29.87,29.9885,53751
2016-08-16,29.77,29.77,29.65,29.65,169163
2016-08-17,29.61,29.71,29.44,29.61,90945
2016-08-18,29.76,29.895,29.76,29.89,107000
2016-08-19,29.68,29.81,29.63,29.81,85513
2016-08-22,29.54,29.54,29.38,29.41,32526
2016-08-23,29.61,29.68,29.5,29.5,34411
2016-08-24,29.55,29.71,29.5401,29.69,77257
2016-08-25,29.46,29.57,29.42,29.57,166300
2016-08-26,29.51,29.66,29.14,29.29,92192
2016-08-29,29.4,29.61,29.4,29.6,55797
2016-08-30,29.99,30.12,29.87,29.9,109765
2016-08-31,30.08,30.18,30.02,30.07,272346
2016-09-01,30.11,30.26,30.07,30.26,69212
2016-09-02,30.64,30.66,30.5,30.64,93811
2016-09-06,30.83,31.09,30.83,31.04,414228
2016-09-07,30.91,30.99,30.82,30.89,140327
2016-09-08,30.81,30.91,30.79,30.83,189669
2016-09-09,30.51,30.51,30.04,30.04,357872
2016-09-12,29.95,30.41,29.95,30.31,185746
2016-09-13,30.02,30.04,29.665,29.73,119520
2016-09-14,29.92,30.06,29.858,29.89,80780
2016-09-15,30.0,30.32,29.98,30.25,188917
2016-09-16,30.05,30.08,29.9301,30.05,272064
2016-09-19,30.24,30.31,30.08,30.19,175881
2016-09-20,30.08,30.19,30.06,30.06,138341
2016-09-21,30.15,30.62,30.08,30.62,104731
2016-09-22,30.73,30.79,30.65,30.79,146921
2016-09-23,30.45,30.51,30.35,30.35,51021
2016-09-26,30.12,30.13,29.95,29.96,60628
2016-09-27,29.93,30.22,29.93,30.22,181804
2016-09-28,30.36,30.54,30.19,30.52,160825
2016-09-29,29.64,29.68,29.32,29.4,220137
2016-09-30,29.75,29.8634,29.63,29.8,67414
2016-10-03,30.21,30.36,30.062,30.3,90320
2016-10-04,30.37,30.42,30.12,30.14,107756
2016-10-05,30.28,30.29,30.19,30.2,235546
2016-10-06,29.98,30.1,29.89,30.03,150023
2016-10-07,30.14,30.14,29.91,30.02,34798
2016-10-10,30.02,30.27,30.02,30.19,55376
2016-10-11,29.87,29.94,29.76,29.88,66934
2016-10-12,29.88,29.93,29.795,29.84,42312
2016-10-13,29.48,29.55,29.24,29.51,204729
2016-10-14,29.72,29.72,29.56,29.567,247006
2016-10-17,29.47,29.47,29.32,29.41,64405
2016-10-18,30.0,30.0,29.83,29.97,192851
2016-10-19,29.99,30.03,29.85,29.96,75848
2016-10-20,30.02,30.06,29.91,29.96,91459
2016-10-21,29.93,29.93,29.82,29.87,74407
2016-10-24,30.01,30.0499,29.92,30.01,60523
2016-10-25,29.95,29.99,29.84,29.85,71011
2016-10-26,29.67,29.7,29.57,29.66,32311
2016-10-27,29.79,29.79,29.47,29.48,61326
2016-10-28,29.77,29.8,29.53,29.63,405732
2016-10-31,29.54,29.67,29.54,29.66,143906
2016-11-01,29.67,29.68,29.43,29.59,73563
2016-11-02,29.39,29.41,29.13,29.21,104845
2016-11-03,29.29,29.33,29.15,29.32,308504
2016-11-04,29.01,29.07,28.87,28.9,80915
2016-11-07,29.29,29.62,29.29,29.57,129054
2016-11-08,29.48,29.5082,28.96,28.96,270908
2016-11-09,29.08,29.27,28.801,29.21,275822
2016-11-10,29.14,29.14,28.6,28.77,420195
2016-11-11,28.16,28.17,27.59,27.74,274387
2016-11-14,27.69,27.82,27.53,27.63,95577
2016-11-15,27.62,27.89,27.545,27.89,131394
2016-11-16,27.39,27.45,27.28,27.31,225035
2016-11-17,27.33,27.53,27.33,27.33,124316
2016-11-18,27.35,27.38,27.18,27.19,69269
2016-11-21,26.91,26.99,26.84,26.91,140312
2016-11-22,26.97,27.02,26.87,27.0,98089
2016-11-23,26.72,26.74,26.61,26.7,150134
2016-11-25,27.31,27.34,27.22,27.26,128511
2016-11-28,27.27,27.28,27.17,27.2,311887
2016-11-29,27.22,27.36,27.16,27.31,148190
2016-11-30,27.61,27.68,27.5,27.56,634015
2016-12-01,27.52,27.52,27.3555,27.42,128385
2016-12-02,27.23,27.3899,27.17,27.2,514887
2016-12-05,27.33,27.51,27.33,27.49,71923
2016-12-06,27.64,27.74,27.588,27.71,106314
2016-12-07,27.67,27.86,27.62,27.84,173401
2016-12-08,28.15,28.195,28.05,28.1,156070
2016-12-09,28.06,28.14,28.03,28.05,166350
2016-12-12,27.81,27.92,27.73,27.78,121112
2016-12-13,27.89,28.03,27.86,27.97,72888
2016-12-14,27.79,27.88,27.3,27.3,160367
2016-12-15,27.48,27.57,27.46,27.51,199256
2016-12-16,27.59,27.59,27.4,27.46,72788
2016-12-19,27.39,27.43,27.26,27.26,78226
2016-12-20,27.19,27.3,27.19,27.24,119969
2016-12-21,27.25,27.28,27.12,27.16,136106
2016-12-22,26.8,26.9,26.73,26.86,174484
2016-12-23,26.91,27.01,26.9,26.97,140592
2016-12-27,27.02,27.11,27.02,27.09,91558
2016-12-28,27.04,27.04,26.89,26.93,153451
2016-12-29,27.24,27.36,27.16,27.32,97825
2016-12-30,27.43,27.51,27.34,27.34,207453
2017-01-03,27.32,27.49,27.32,27.42,62644
2017-01-04,27.46,27.68,27.46,27.63,113222
2017-01-05,27.99,27.99,27.8,27.93,179505
2017-01-06,27.74,27.75,27.66,27.71,111029
2017-01-09,27.7,27.72,27.62,27.62,93596
2017-01-10,27.83,27.9134,27.83,27.83,63945
2017-01-11,28.13,28.33,28.02,28.32,128985
2017-01-12,28.27,28.42,28.27,28.42,486659
2017-01-13,28.28,28.39,28.25,28.39,60880
2017-01-17,28.37,28.42,28.29,28.31,200390
2017-01-18,28.35,28.43,28.25,28.26,146434
2017-01-19,28.3,28.3635,28.19,28.23,133315
2017-01-20,28.11,28.13,28.02,28.06,93006
2017-01-23,28.1,28.37,28.1,28.31,151297
2017-01-24,28.53,28.6774,28.53,28.63,69057
2017-01-25,28.99,29.22,28.83,29.18,260993
2017-01-26,29.14,29.19,29.01,29.08,107607
2017-01-27,29.08,29.16,29.07,29.11,234043
2017-01-30,29.03,29.14,29.03,29.14,92064
2017-01-31,29.1,29.22,29.02,29.22,56534
2017-02-01,29.7,29.73,29.56,29.61,246682
2017-02-02,29.79,29.88,29.74,29.83,183809
2017-02-03,29.99,30.05,29.93,30.03,446686
2017-02-06,30.02,30.05,29.95,30.02,154622
2017-02-07,29.91,29.91,29.82,29.9,99787
2017-02-08,29.9,30.13,29.9,30.08,100810
2017-02-09,30.21,30.28,30.18,30.24,69165
2017-02-10,30.22,30.3099,30.17,30.26,898285
2017-02-13,30.22,30.26,30.1283,30.25,122796
2017-02-14,30.16,30.2199,30.02,30.19,56114
2017-02-15,29.91,30.02,29.9,30.02,92369
2017-02-16,30.09,30.16,30.0,30.02,204980
2017-02-17,30.05,30.06,29.99,30.05,88087
2017-02-21,30.37,30.54,30.33,30.51,87734
2017-02-22,30.49,30.53,30.41,30.51,106233
2017-02-23,30.75,30.765,30.65,30.72,98289
2017-02-24,30.59,30.59,30.49,30.525,74244
2017-02-27,30.43,30.529,30.42,30.46,85644
2017-02-28,30.41,30.545,30.37,30.41,86455
2017-03-01,30.71,30.96,30.66,30.96,131069
2017-03-02,30.43,30.52,30.26,30.29,615138
2017-03-03,30.6,30.63,30.47,30.54,217686
2017-03-06,30.78,30.78,30.635,30.69,94797
2017-03-07,30.66,30.74,30.6377,30.66,58692
2017-03-08,30.59,30.59,30.45,30.46,104070
2017-03-09,30.55,30.6803,30.51,30.68,89924
2017-03-10,30.74,30.8378,30.66,30.81,76614
2017-03-13,31.58,31.72,31.53,31.65,154744
2017-03-14,31.64,31.7,31.57,31.58,227409
2017-03-15,31.67,32.12,31.58,32.08,150596
2017-03-16,32.11,32.14,32.04,32.04,99267
2017-03-17,32.07,32.08,31.92,31.92,128984
2017-03-20,31.94,32.16,31.9,32.12,154857
2017-03-21,32.0,32.12,31.65,31.67,244191
2017-03-22,31.48,31.71,31.48,31.66,55616
2017-03-23,31.65,31.86,31.65,31.78,57931
2017-03-24,31.78,31.87,31.76,31.84,69312
2017-03-27,31.77,31.99,31.73,31.96,194922
2017-03-28,32.06,32.17,32.0101,32.1,91424
2017-03-29,32.23,32.385,32.18,32.37,104995
2017-03-30,32.3,32.44,32.27,32.43,211003
2017-03-31,32.35,32.4598,32.3101,32.33,89849
2017-04-03,32.51,32.71,32.48,32.65,152179
2017-04-04,32.58,32.62,32.4768,32.58,142156
2017-04-05,32.58,32.7133,32.42,32.42,160788
2017-04-06,32.77,32.81,32.66,32.79,62656
2017-04-07,32.56,32.8074,32.56,32.75,78346
2017-04-10,32.65,32.65,32.47,32.54,82167
2017-04-11,32.76,32.79,32.53,32.66,203564
2017-04-12,32.58,32.58,32.4,32.53,83833
2017-04-13,32.54,32.59,32.35,32.35,117380
2017-04-17,32.41,32.62,32.37,32.58,82117
2017-04-18,32.29,32.33,32.11,32.13,807744
2017-04-19,32.16,32.2699,32.0,32.09,284024
2017-04-20,32.37,32.37,32.23,32.31,133514
2017-04-21,32.25,32.25,32.01,32.05,285428
2017-04-24,32.52,32.68,32.52,32.65,154317
2017-04-25,33.04,33.08,32.87,33.0,149649
2017-04-26,33.32,33.34,33.19,33.23,549876
2017-04-27,33.21,33.23,33.08,33.09,163213
2017-04-28,33.07,33.07,32.91,33.04,173618
2017-05-01,33.26,33.26,33.06,33.07,87545
2017-05-02,33.19,33.24,33.07,33.22,77744
2017-05-03,33.19,33.19,33.02,33.05,68558
2017-05-04,33.1,33.18,33.0374,33.1,257983
2017-05-05,32.99,33.11,32.97,33.11,44593
2017-05-08,33.12,33.13,32.95,32.98,81124
2017-05-09,32.99,33.06,32.96,33.04,113016
2017-05-10,33.29,33.37,33.27,33.36,123908
2017-05-11,33.45,33.48,33.31,33.45,100798
2017-05-12,33.44,33.55,33.44,33.54,232652
2017-05-15,33.78,33.83,33.64,33.81,120578
2017-05-16,34.01,34.04,33.93,34.01,122159
2017-05-17,33.86,33.87,33.56,33.56,117562
2017-05-18,33.13,33.34,33.0,33.26,81597
2017-05-19,33.42,33.58,33.42,33.52,96910
2017-05-22,33.4,33.51,33.4,33.48,57479
2017-05-23,33.14,33.14,33.05,33.09,96046
2017-05-24,33.1,33.2056,33.05,33.18,260868
2017-05-25,33.49,33.7,33.47,33.63,246399
2017-05-26,33.97,33.97,33.86,33.88,79722
2017-05-30,34.02,34.1,33.93,34.1,101552
2017-05-31,34.16,34.16,34.0,34.1,124913
2017-06-01,33.97,34.33,33.97,34.32,156857
2017-06-02,34.38,34.46,34.31,34.46,169005
2017-06-05,34.46,34.46,34.385,34.4,74718
2017-06-06,34.36,34.37,34.3,34.36,143068
2017-06-07,34.44,34.44,34.27,34.36,352608
2017-06-08,34.39,34.42,34.32,34.38,512685
2017-06-09,34.43,34.44,34.09,34.22,262950
2017-06-12,34.12,34.12,34.0,34.09,134522
2017-06-13,34.16,34.24,34.09,34.24,235285
2017-06-14,34.47,34.5,34.26,34.33,141866
2017-06-15,33.98,34.03,33.845,33.97,248320
2017-06-16,33.98,34.11,33.93,34.06,2682925
2017-06-19,34.33,34.42,34.27,34.35,136501
2017-06-20,34.31,34.31,34.04,34.06,292609
2017-06-21,34.24,34.24,34.07,34.1,72823
2017-06-22,34.11,34.14,34.0062,34.08,160988
2017-06-23,33.98,34.02,33.88,34.01,108982
2017-06-26,34.1,34.2,34.04,34.15,125703
2017-06-27,33.77,33.79,33.53,33.53,225746
2017-06-28,33.67,33.77,33.59,33.76,194886
2017-06-29,33.65,33.65,33.19,33.34,131271
2017-06-30,33.58,33.67,33.565,33.61,268123
2017-07-03,33.94,34.0,33.8603,33.93,63842
2017-07-05,34.01,34.13,33.9,34.12,131775
2017-07-06,34.17,34.17,33.94,33.97,84570
2017-07-07,34.09,34.21,34.0354,34.13,55732
2017-07-10,34.51,34.77,34.51,34.65,358494
2017-07-11,34.61,34.74,34.56,34.69,143539
2017-07-12,35.0,35.0999,34.9,35.06,237856
2017-07-13,35.18,35.18,35.07,35.16,131904
2017-07-14,35.36,35.45,35.36,35.43,456849
2017-07-17,35.4,35.4,35.2297,35.24,87210
2017-07-18,34.93,34.97,34.82,34.88,184899
2017-07-19,35.3,35.3,35.1,35.18,103251
2017-07-20,35.23,35.23,35.02,35.13,2117437
2017-07-21,35.22,35.22,35.02,35.11,125832
2017-07-24,35.37,35.41,35.21,35.41,339126
2017-07-25,35.54,35.54,35.34,35.4,110405
2017-07-26,35.61,35.77,35.5,35.76,100309
2017-07-27,35.75,35.75,35.36,35.49,139153
2017-07-28,35.61,35.64,35.5025,35.62,132075
2017-07-31,35.79,35.82,35.67,35.75,72419
2017-08-01,36.01,36.1,35.8925,36.1,95222
2017-08-02,36.1,36.1,35.98,36.08,148450
2017-08-03,35.93,35.93,35.77,35.85,507369
2017-08-04,35.99,36.1,35.96,36.0,121257
2017-08-07,36.0,36.0,35.9,35.94,83889
2017-08-08,35.75,35.7799,35.59,35.65,149444
2017-08-09,35.28,35.28,35.15,35.19,109447
2017-08-10,34.98,35.0,34.34,34.34,448604
2017-08-11,34.39,34.49,34.38,34.4,200618
2017-08-14,34.74,34.8999,34.74,34.78,127882
2017-08-15,34.78,34.81,34.63,34.78,300819
2017-08-16,35.04,35.21,35.04,35.21,112433
2017-08-17,35.23,35.23,34.83,34.85,165627
2017-08-18,34.95,35.09,34.86,34.98,143080
2017-08-21,34.83,34.83,34.695,34.75,78700
2017-08-22,34.85,34.98,34.7724,34.96,93119
2017-08-23,34.98,35.14,34.98,35.1,81636
2017-08-24,35.25,35.25,35.11,35.18,197819
2017-08-25,35.29,35.37,35.2,35.32,176370
2017-08-28,35.4,35.4799,35.365,35.42,105650
2017-08-29,35.0,35.1,34.84,35.09,125111
2017-08-30,35.12,35.15,35.05,35.11,95274
2017-08-31,35.2,35.3501,35.16,35.3,198343
2017-09-01,35.44,35.7,35.44,35.67,129075
2017-09-05,35.53,35.53,35.07,35.14,214472
2017-09-06,35.19,35.32,35.18,35.29,128180
2017-09-07,35.53,35.53,35.25,35.25,251306
2017-09-08,35.42,35.42,35.21,35.27,132874
2017-09-11,35.36,35.6418,35.35,35.57,438214
2017-09-12,35.76,35.78,35.68,35.73,81147
2017-09-13,35.71,35.71,35.497,35.52,122197
2017-09-14,35.42,35.6069,35.42,35.51,83044
2017-09-15,35.51,35.67,35.5,35.66,56481
2017-09-18,35.68,35.85,35.6601,35.69,170257
2017-09-19,35.71,35.79,35.68,35.78,70647
2017-09-20,35.76,35.76,35.26,35.43,331635
2017-09-21,35.37,35.37,35.16,35.25,97223
2017-09-22,34.84,34.85,34.69,34.78,115730
2017-09-25,34.34,34.34,33.87,34.0,229680
2017-09-26,33.96,34.11,33.96,34.09,173793
2017-09-27,33.56,33.56,33.3715,33.5,538081
2017-09-28,33.53,33.91,33.53,33.89,799346
2017-09-29,34.04,34.115,33.9,34.1,136889
2017-10-02,34.13,34.13,33.905,33.93,184107
2017-10-03,33.98,34.16,33.98,34.14,254731
2017-10-04,34.39,34.48,34.345,34.4,652946
2017-10-05,34.43,34.48,34.31,34.37,126917
2017-10-06,34.44,34.44,34.23,34.43,123423
2017-10-09,34.53,34.562,34.44,34.45,89587
2017-10-10,34.73,34.84,34.7,34.78,139306
2017-10-11,34.66,34.69,34.56,34.63,62647
2017-10-12,35.1,35.1396,35.0,35.07,147024
2017-10-13,35.33,35.707,35.29,35.61,250380
2017-10-16,35.78,35.817,35.65,35.68,162328
2017-10-17,35.5,35.5134,35.33,35.42,150810
2017-10-18,35.47,35.47,35.35,35.41,165086
2017-10-19,35.28,35.29,35.05,35.18,142998
2017-10-20,35.5,35.5,35.21,35.31,191018
2017-10-23,35.32,35.35,35.24,35.3,360991
2017-10-24,35.44,35.65,35.4,35.58,96724
2017-10-25,35.79,35.86,35.45,35.6,205748
2017-10-26,35.75,35.98,35.73,35.77,248442
2017-10-27,35.61,36.14,35.61,36.08,995471
2017-10-30,36.05,36.07,35.91,36.0,212765
2017-10-31,36.03,36.17,35.96,36.17,359889
2017-11-01,36.36,36.6897,36.36,36.52,170675
2017-11-02,36.52,36.6,36.41,36.55,421662
2017-11-03,36.57,36.61,36.36,36.52,304729
2017-11-06,36.64,36.67,36.5699,36.65,116345
2017-11-07,36.12,36.12,35.856,35.96,201209
2017-11-08,35.97,36.03,35.87,35.99,356019
2017-11-09,35.84,35.88,35.65,35.8,115718
2017-11-10,35.75,35.79,35.64,35.75,115572
2017-11-13,35.37,35.37,35.2,35.33,116328
2017-11-14,35.23,35.24,35.1,35.11,75846
2017-11-15,34.88,35.05,34.86,34.95,162792
2017-11-16,35.41,35.6499,35.4,35.57,153013
2017-11-17,35.73,35.98,35.73,35.93,138498
2017-11-20,35.83,35.92,35.75,35.88,106091
2017-11-21,36.13,36.25,35.98,36.15,100577
2017-11-22,36.08,36.24,36.08,36.21,66912
2017-11-24,36.33,36.55,36.33,36.5,73484
2017-11-27,36.53,36.53,36.33,36.33,101737
2017-11-28,36.48,36.51,36.35,36.4,120977
2017-11-29,36.4,36.4,36.06,36.07,189441
2017-11-30,35.91,35.91,35.7326,35.77,189433
2017-12-01,35.51,35.51,35.21,35.28,223594
2017-12-04,35.58,35.58,35.3,35.38,179340
2017-12-05,35.41,35.53,35.36,35.36,118637
2017-12-06,35.19,35.29,34.99,35.12,231919
2017-12-07,35.37,35.73,35.37,35.66,199104
2017-12-08,36.05,36.0889,35.97,36.08,66108
