Date,Open,High,Low,Close,Volume
2007-12-31,15.0,18.83,15.0,18.83,24044
2008-01-02,35.74,37.0,31.35,32.59,1854746
2008-01-03,32.22,37.0,32.22,35.5,1211969
2008-01-04,35.0,35.32,32.46,35.25,1208820
2008-01-07,36.44,36.99,33.28,33.74,790845
2008-01-08,31.96,33.28,28.93,32.0,1562767
2008-01-09,31.24,32.2,30.19,32.2,1075089
2008-01-10,30.71,31.85,29.62,30.92,1085568
2008-01-11,29.77,32.5,29.75,31.4,338842
2008-01-14,32.22,32.3,30.01,30.2,805342
2008-01-15,30.0,31.79,29.2501,29.9,1207323
2008-01-16,29.5,30.46,29.5,29.5,531770
2008-01-17,29.97,30.99,28.87,28.96,485659
2008-01-18,28.24,30.42,28.01,28.76,795232
2008-01-22,25.76,29.63,25.73,28.72,1310307
2008-01-23,29.0,29.5,27.49,28.8,343997
2008-01-24,29.0,29.7,28.76,29.36,547713
2008-01-25,29.5,30.35,29.38,30.01,496289
2008-01-28,29.3,30.01,28.71,29.05,145170
2008-01-29,29.0,29.02,28.0,28.27,379904
2008-01-30,27.64,28.85,27.64,28.34,453649
2008-01-31,28.93,29.56,28.0,29.22,428892
2008-02-01,29.91,31.25,28.55,31.05,258859
2008-02-04,30.62,31.39,30.62,31.23,564947
2008-02-05,30.3,31.5,30.3,31.31,343373
2008-02-06,30.91,31.38,30.58,31.11,528880
2008-02-07,31.0,31.24,30.28,30.92,195629
2008-02-08,30.41,32.3,30.41,32.08,461546
2008-02-11,32.54,35.13,31.955,34.86,2336740
2008-02-12,34.7,35.48,34.7,34.97,394472
2008-02-13,34.51,37.38,34.51,36.5,971223
2008-02-14,36.5,40.37,36.5,40.16,1056444
2008-02-15,39.19,41.07,39.01,40.15,1114791
2008-02-19,38.3,39.21,36.7001,38.01,444449
2008-02-20,37.35,39.34,37.29,38.9,395731
2008-02-21,39.38,39.55,37.25,37.65,598315
2008-02-22,37.66,37.97,36.0,36.74,436212
2008-02-25,36.94,37.88,36.05,37.26,364156
2008-02-26,37.04,39.85,37.03,39.09,507966
2008-02-27,39.62,39.62,38.0,38.75,398796
2008-02-28,37.8,39.28,37.67,39.13,331449
2008-02-29,38.27,41.74,38.27,40.06,1392291
2008-03-03,40.02,40.82,38.48,38.67,882316
2008-03-04,38.41,39.0,38.05,38.65,151246
2008-03-05,38.32,39.17,38.32,38.66,557203
2008-03-06,38.31,39.1899,38.01,38.37,181971
2008-03-07,38.01,39.26,38.0,38.7,395390
2008-03-10,39.0,39.0,36.42,36.65,399092
2008-03-11,36.6,37.89,34.5,34.97,2315567
2008-03-12,34.97,35.44,34.0,34.99,150169
2008-03-13,33.83,34.49,32.88,34.21,306538
2008-03-14,34.57,34.82,33.04,33.35,256213
2008-03-17,32.3,32.84,31.5,32.26,851928
2008-03-18,32.1,32.73,31.03,31.44,450058
2008-03-19,31.08,31.35,29.4,29.83,845881
2008-03-20,29.25,31.04,29.25,31.04,658055
2008-03-24,30.76,31.21,29.53,30.15,890911
2008-03-25,30.38,30.65,29.5423,30.54,283275
2008-03-26,30.62,30.71,29.99,30.4,207231
2008-03-27,30.7,30.85,29.51,29.74,1047313
2008-03-28,30.27,30.34,29.5,30.19,769758
2008-03-31,29.92,30.07,29.09,29.54,385503
2008-04-01,29.35,30.39,29.02,30.19,220275
2008-04-02,30.42,30.5,29.6,30.43,382641
2008-04-03,30.51,32.22,30.02,31.44,841830
2008-04-04,30.87,31.55,30.86,31.23,224037
2008-04-07,31.0,31.3,30.58,30.59,236295
2008-04-08,30.06,30.5,29.21,29.79,338720
2008-04-09,29.45,29.96,28.51,28.62,323440
2008-04-10,28.53,28.78,27.89,28.64,616581
2008-04-11,28.25,28.64,27.94,28.37,438676
2008-04-14,28.25,28.55,27.65,28.43,127607
2008-04-15,28.43,29.0,28.17,28.29,147044
2008-04-16,28.39,28.94,28.11,28.55,233069
2008-04-17,28.26,29.33,28.26,29.25,260431
2008-04-18,29.15,29.8,28.61,29.62,263237
2008-04-21,29.24,29.89,29.24,29.53,352740
2008-04-22,29.12,29.13,28.45,28.5,182968
2008-04-23,28.39,28.7,28.39,28.51,297678
2008-04-24,28.51,29.57,28.51,29.5,139791
2008-04-25,29.79,29.92,29.38,29.75,65022
2008-04-28,29.9,30.62,29.73,30.47,235824
2008-04-29,30.37,31.11,30.25,30.9,701099
2008-04-30,31.13,31.59,30.662,31.11,258000
2008-05-01,30.76,32.29,29.27,31.79,329566
2008-05-02,31.64,32.16,31.51,31.76,151607
2008-05-05,31.85,31.85,31.02,31.09,183673
2008-05-06,30.92,32.09,30.89,31.77,53571
2008-05-07,31.38,31.96,31.1,31.19,67218
2008-05-08,31.44,31.44,30.85,31.1,278054
2008-05-09,30.86,30.97,30.58,30.61,613314
2008-05-12,30.96,31.94,30.22,31.54,107951
2008-05-13,31.18,31.55,30.51,31.47,656211
2008-05-14,31.22,33.75,31.22,33.13,468358
2008-05-15,33.0,34.33,33.0,33.75,301835
2008-05-16,33.97,33.97,33.3,33.75,161606
2008-05-19,34.79,36.45,34.79,35.65,501144
2008-05-20,35.38,35.38,34.37,34.66,213369
2008-05-21,35.14,36.72,35.12,36.46,385795
2008-05-22,36.61,38.23,36.27,38.02,293467
2008-05-23,37.76,38.32,37.08,38.0,312809
2008-05-27,38.27,38.27,37.38,38.09,82304
2008-05-28,38.3,38.3,37.15,37.72,231079
2008-05-29,37.24,37.99,37.14,37.8,202442
2008-05-30,37.53,38.28,36.44,37.34,296783
2008-06-02,36.71,37.58,36.46,36.9,168462
2008-06-03,36.81,36.82,36.0,36.06,166145
2008-06-04,35.82,36.56,35.82,36.3,138594
2008-06-05,36.41,36.89,35.8,36.13,126733
2008-06-06,36.18,36.56,35.63,35.88,118943
2008-06-09,36.35,36.51,35.42,36.01,162541
2008-06-10,35.89,36.49,35.0,35.26,166187
2008-06-11,35.42,36.02,35.21,35.59,71618
2008-06-12,35.59,35.89,34.65,34.82,116629
2008-06-13,34.79,35.69,34.5,35.62,104194
2008-06-16,35.6,36.33,35.16,35.48,183559
2008-06-17,35.69,36.43,35.32,35.37,82775
2008-06-18,35.32,35.98,34.54,34.84,200549
2008-06-19,34.7,35.39,34.3,34.73,113115
2008-06-20,34.68,34.68,33.5,34.5,311850
2008-06-23,34.4,34.4,33.0,33.0,148526
2008-06-24,32.68,32.88,31.76,32.1,200093
2008-06-25,32.31,32.91,31.35,32.17,232017
2008-06-26,32.0,32.49,31.55,31.95,120309
2008-06-27,31.82,33.44,31.45,31.54,741630
2008-06-30,31.0,31.53,30.28,31.22,260512
2008-07-01,30.6,31.22,30.22,30.47,245796
2008-07-02,30.14,30.69,29.75,30.18,209342
2008-07-03,30.12,30.8,29.33,30.27,81053
2008-07-07,29.48,29.92,28.63,29.03,361838
2008-07-08,29.04,30.71,28.6,29.95,285371
2008-07-09,30.4,31.22,30.0,30.47,236464
2008-07-10,30.27,30.92,29.645,30.25,231970
2008-07-11,30.29,30.67,29.59,30.03,230069
2008-07-14,29.92,30.75,29.02,30.48,210798
2008-07-15,30.57,31.0,30.33,30.87,501607
2008-07-16,29.93,30.92,29.91,30.52,129412
2008-07-17,30.87,31.77,30.46,31.56,175769
2008-07-18,31.48,31.48,30.94,31.29,152005
2008-07-21,31.56,32.29,30.9701,32.21,67096
2008-07-22,31.97,32.25,31.64,32.15,265381
2008-07-23,32.42,32.68,31.9775,32.5,183650
2008-07-24,32.89,32.89,31.93,32.01,117254
2008-07-25,32.31,32.75,32.09,32.42,218641
2008-07-28,32.23,32.86,31.99,32.06,394912
2008-07-29,32.03,32.378,31.95,32.16,547459
2008-07-30,32.08,32.33,32.08,32.3,193719
2008-07-31,31.81,32.22,31.66,31.99,187994
2008-08-01,31.65,32.25,31.5,32.0,145073
2008-08-04,32.49,33.14,31.5,32.48,716613
2008-08-05,32.5,33.0,32.46,32.83,495929
2008-08-06,32.8,33.96,32.63,33.88,87744
2008-08-07,33.21,33.79,32.14,32.26,116314
2008-08-08,32.13,33.56,32.13,33.19,147703
2008-08-11,32.91,33.68,32.61,33.56,60726
2008-08-12,33.09,33.95,32.49,32.83,341562
2008-08-13,32.95,32.95,31.02,32.12,534930
2008-08-14,32.0,32.0,31.38,31.38,78091
2008-08-15,31.55,31.93,31.22,31.65,69540
2008-08-18,31.52,31.61,31.03,31.54,67800
2008-08-19,31.08,32.0,31.0,31.74,226977
2008-08-20,31.68,32.25,31.47,32.04,141704
2008-08-21,32.06,32.09,31.37,32.02,191215
2008-08-22,32.01,32.06,31.02,32.02,96461
2008-08-25,31.84,31.84,31.32,31.57,129542
2008-08-26,31.55,31.6,31.2,31.55,594094
2008-08-27,31.44,31.75,31.01,31.4,96922
2008-08-28,31.4,31.897,31.38,31.8,78584
2008-08-29,31.88,31.89,30.9,31.34,62938
2008-09-02,31.36,31.8,30.74,31.12,157834
2008-09-03,31.18,31.68,31.06,31.49,71771
2008-09-04,31.27,31.39,31.15,31.27,136446
2008-09-05,31.15,31.615,31.1,31.23,183447
2008-09-08,31.5,31.64,31.19,31.5,366655
2008-09-09,31.34,31.34,29.98,30.14,581438
2008-09-10,30.21,30.34,29.25,29.46,629695
2008-09-11,29.17,29.17,28.41,28.43,315711
2008-09-12,28.49,28.78,28.29,28.58,653568
2008-09-15,28.4,28.4,27.93,28.0,187461
2008-09-16,27.85,28.2,27.5,28.02,230462
2008-09-17,28.25,28.25,26.61,26.78,290719
2008-09-18,26.83,27.46,26.53,26.72,554131
2008-09-19,26.96,28.28,26.96,28.23,606208
2008-09-22,28.02,28.27,26.9,27.05,468240
2008-09-23,26.96,27.31,26.84,26.99,157870
2008-09-24,26.86,27.49,26.85,26.95,162777
2008-09-25,26.78,27.0,26.78,26.9,142951
2008-09-26,26.53,26.76,26.25,26.66,604404
2008-09-29,26.15,26.69,23.05,24.1,1247810
2008-09-30,23.98,24.68,23.61,24.1,676667
2008-10-01,23.82,24.0,23.36,23.67,744798
2008-10-02,23.46,23.78,23.27,23.34,163790
2008-10-03,23.4,23.76,22.79,23.02,591349
2008-10-06,22.81,23.08,22.25,23.01,342461
2008-10-07,23.07,23.24,22.7,22.82,515339
2008-10-08,22.71,23.36,21.82,22.27,473955
2008-10-09,22.3,22.89,20.43,20.66,465098
2008-10-10,19.9,20.62,18.25,19.31,1174570
2008-10-13,19.43,21.87,19.43,21.83,162339
2008-10-14,22.75,22.75,20.23,20.97,1011914
2008-10-15,20.84,20.84,20.0401,20.5,225587
2008-10-16,21.23,22.1322,20.0,22.13,857664
2008-10-17,21.54,21.94,20.51,21.67,219897
2008-10-20,22.05,22.78,21.88,22.78,78855
2008-10-21,22.71,22.71,21.54,21.68,294722
2008-10-22,21.24,21.24,20.25,20.34,147938
2008-10-23,20.49,20.63,19.26,19.8,177579
2008-10-24,19.08,19.5,18.04,18.87,415911
2008-10-27,18.38,18.93,18.34,18.53,151872
2008-10-28,18.8,18.99,17.71,18.25,298326
2008-10-29,18.34,18.63,17.56,18.31,667456
2008-10-30,18.71,20.5,18.35,20.3,281864
2008-10-31,19.75,20.0,19.13,19.42,472502
2008-11-03,19.16,19.37,18.7,19.24,265322
2008-11-04,19.78,19.78,18.93,19.1,277238
2008-11-05,18.77,18.79,18.13,18.49,298992
2008-11-06,18.72,18.72,17.97,18.38,215982
2008-11-07,18.4,18.64,18.3,18.4,255252
2008-11-10,18.66,18.8,17.84,18.05,301723
2008-11-11,17.76,18.13,17.33,17.35,407294
2008-11-12,17.23,17.72,16.43,16.46,196307
2008-11-13,16.39,16.39,15.26,16.23,306059
2008-11-14,15.9,16.48,15.37,15.42,309866
2008-11-17,15.27,15.5,14.6,14.69,159814
2008-11-18,14.61,15.29,14.44,14.89,410938
2008-11-19,14.73,14.83,13.9,14.01,280825
2008-11-20,13.81,14.0,13.0,13.04,301424
2008-11-21,13.85,13.96,13.0,13.93,566032
2008-11-24,14.22,15.07,13.94,14.72,174543
2008-11-25,14.95,15.57,14.72,15.57,235719
2008-11-26,15.45,15.93,14.84,15.77,189460
2008-11-28,15.83,17.07,15.83,17.07,200723
2008-12-01,16.6,16.6,15.82,15.88,258832
2008-12-02,16.19,16.3,14.25,14.75,397098
2008-12-03,14.42,15.19,14.42,14.98,217823
2008-12-04,14.75,15.22,14.39,14.59,278080
2008-12-05,14.54,14.54,13.9,14.37,218521
2008-12-08,14.55,15.15,14.43,14.75,248116
2008-12-09,14.75,15.0,14.39,14.72,292050
2008-12-10,14.74,15.19,14.52,15.03,143880
2008-12-11,14.85,15.31,14.85,15.08,302282
2008-12-12,14.77,15.05,14.66,14.68,185142
2008-12-15,14.65,14.93,14.21,14.41,206468
2008-12-16,14.52,14.85,14.0,14.13,226987
2008-12-17,13.92,14.13,13.25,13.44,357222
2008-12-18,13.44,13.55,12.97,13.35,393229
2008-12-19,13.32,14.05,13.18,14.01,714473
2008-12-22,14.15,14.24,13.59,13.75,259117
2008-12-23,13.6,13.8,13.6,13.68,164286
2008-12-24,13.63,13.72,13.4406,13.61,218874
2008-12-26,13.59,13.59,13.36,13.49,215563
2008-12-29,13.49,13.49,13.0,13.19,492452
2008-12-30,13.16,14.08,13.15,14.08,218717
2008-12-31,14.02,14.96,13.91,14.87,302796
2009-01-02,14.99,14.99,13.625,14.45,281700
2009-01-05,14.45,14.73,13.83,13.92,149789
2009-01-06,14.08,15.48,13.98,14.98,266175
2009-01-07,14.88,15.458,14.66,15.25,244339
2009-01-08,15.0,15.51,14.71,15.51,228411
2009-01-09,15.41,15.47,14.42,14.57,119639
2009-01-12,14.57,14.57,14.01,14.01,116976
2009-01-13,14.1,14.8,13.93,14.71,139877
2009-01-14,14.5,14.6,14.16,14.5,164611
2009-01-15,14.5,14.91,14.36,14.58,108643
2009-01-16,14.59,14.93,14.44,14.84,85658
2009-01-20,14.67,14.78,13.45,13.6,321600
2009-01-21,13.7,14.25,13.46,13.58,289068
2009-01-22,13.56,13.56,12.78,13.13,282200
2009-01-23,13.05,14.13,12.98,13.97,227660
2009-01-26,13.87,14.28,13.71,13.94,67569
2009-01-27,14.0,14.38,13.79,14.17,77113
2009-01-28,14.28,14.8,14.15,14.8,69206
2009-01-29,14.61,15.24,14.51,14.91,161430
2009-01-30,15.07,15.18,14.9,15.06,253862
2009-02-02,15.01,15.6,15.01,15.28,144321
2009-02-03,15.36,15.96,15.25,15.81,150613
2009-02-04,15.72,16.14,15.4,15.4,180890
2009-02-05,15.51,16.01,15.38,15.83,177829
2009-02-06,15.68,16.66,15.68,16.64,215419
2009-02-09,16.66,17.54,16.3,16.63,720122
2009-02-10,16.67,16.93,15.62,15.75,367406
2009-02-11,15.98,16.0,14.98,15.15,589470
2009-02-12,15.08,15.96,14.64,15.21,656450
2009-02-13,15.3,15.59,14.8,15.17,181295
2009-02-17,15.2,15.87,15.11,15.53,205792
2009-02-18,15.6,15.6,15.11,15.35,109809
2009-02-19,15.54,15.59,15.08,15.47,164591
2009-02-20,15.23,16.06,14.99,16.01,304054
2009-02-23,15.99,16.55,15.93,16.07,393499
2009-02-24,16.08,16.31,15.69,16.15,361072
2009-02-25,15.94,16.28,15.75,16.03,422720
2009-02-26,16.14,16.89,16.04,16.42,271682
2009-02-27,16.12,16.59,16.12,16.38,172064
2009-03-02,14.71,15.18,14.25,14.94,285886
2009-03-03,14.96,14.96,14.53,14.87,228012
2009-03-04,14.97,15.67,14.59,15.34,357907
2009-03-05,15.08,15.56,14.26,14.35,361686
2009-03-06,14.37,14.96,14.01,14.69,423408
2009-03-09,14.54,15.11,13.92,13.99,202911
2009-03-10,14.75,14.75,13.87,14.22,129412
2009-03-11,14.09,14.11,13.75,13.91,214269
2009-03-12,13.83,14.42,13.28,14.39,235149
2009-03-13,14.37,15.01,14.37,14.94,138189
2009-03-16,14.95,14.98,14.55,14.91,191755
2009-03-17,14.82,14.96,14.03,14.49,261770
2009-03-18,14.36,14.49,13.98,14.34,249392
2009-03-19,14.4,14.76,13.88,14.63,117797
2009-03-20,14.61,14.8397,14.4,14.64,143833
2009-03-23,14.57,15.75,14.57,15.75,204679
2009-03-24,15.46,15.87,15.46,15.49,373594
2009-03-25,15.49,15.98,14.97,15.44,187535
2009-03-26,15.6,15.87,15.58,15.84,167306
2009-03-27,15.77,15.98,15.71,15.74,163569
2009-03-30,15.73,15.93,14.81,14.88,179922
2009-03-31,15.1,15.1,14.76,14.83,144610
2009-04-01,14.76,15.9,14.46,15.81,238145
2009-04-02,16.0,16.49,15.87,16.06,187053
2009-04-03,16.19,16.44,15.79,16.26,203919
2009-04-06,16.24,16.34,15.82,16.04,144234
2009-04-07,15.74,16.2999,15.56,16.06,238664
2009-04-08,16.21,16.28,15.46,15.49,207904
2009-04-09,15.86,16.03,15.41,15.98,227518
2009-04-13,16.0,16.07,15.74,16.01,206729
2009-04-14,15.98,16.04,15.39,15.93,124762
2009-04-15,15.93,16.01,15.69,15.98,360158
2009-04-16,16.11,16.22,15.85,16.18,102335
2009-04-17,16.16,16.66,16.05,16.47,205411
2009-04-20,16.32,16.32,15.52,15.65,360380
2009-04-21,15.48,16.25,15.48,15.93,212534
2009-04-22,15.76,16.17,15.63,15.73,144437
2009-04-23,15.76,16.06,15.47,15.83,136403
2009-04-24,15.8,15.98,15.5,15.59,125979
2009-04-27,15.44,16.14,15.39,15.83,156973
2009-04-28,15.84,16.26,15.6,15.76,100214
2009-04-29,15.7,15.98,15.5408,15.67,186103
2009-04-30,15.83,16.16,15.55,15.82,243043
2009-05-01,15.91,16.13,15.79,16.04,213014
2009-05-04,16.1,17.19,16.1,16.92,300598
2009-05-05,16.8,17.315,16.77,17.08,252391
2009-05-06,17.3,18.07,17.16,17.46,253840
2009-05-07,17.72,17.89,16.86,17.08,121805
2009-05-08,17.17,17.8,17.11,17.31,151331
2009-05-11,16.96,17.99,16.66,17.29,334298
2009-05-12,17.22,17.5,16.59,16.61,163752
2009-05-13,16.57,16.6,15.71,15.76,135045
2009-05-14,15.88,16.05,15.34,15.69,139062
2009-05-15,15.82,16.37,15.82,16.1,183876
2009-05-18,16.05,16.62,16.05,16.48,176654
2009-05-19,16.61,16.725,16.05,16.12,230919
2009-05-20,16.27,16.4,16.06,16.14,224911
2009-05-21,16.12,16.25,15.8,15.88,300371
2009-05-22,16.06,16.21,15.8,15.91,99352
2009-05-26,15.75,16.29,15.75,16.16,145772
2009-05-27,16.33,16.4,15.47,15.67,100680
2009-05-28,15.92,16.01,15.4,15.73,176076
2009-05-29,15.97,16.05,15.74,16.04,392635
2009-06-01,16.05,16.5,16.05,16.34,295941
2009-06-02,16.34,16.63,16.28,16.37,250353
2009-06-03,16.2,16.21,15.64,16.12,241993
2009-06-04,16.12,16.69,16.05,16.56,278403
2009-06-05,16.7,17.08,16.46,17.01,388579
2009-06-08,16.98,17.1,16.6203,16.75,122944
2009-06-09,16.97,16.97,16.4,16.79,158012
2009-06-10,16.72,16.78,16.0,16.11,221040
2009-06-11,16.21,16.68,16.07,16.22,188212
2009-06-12,16.25,16.27,15.99,16.18,219334
2009-06-15,15.99,16.23,15.61,15.83,131208
2009-06-16,15.71,16.0,15.3,15.3,173078
2009-06-17,15.35,15.46,14.93,15.15,113615
2009-06-18,15.09,15.31,15.01,15.26,112381
2009-06-19,15.3,15.57,15.2,15.57,160227
2009-06-22,15.57,15.84,15.06,15.06,121316
2009-06-23,15.07,15.12,14.5,14.54,104507
2009-06-24,14.53,14.865,14.53,14.68,85805
2009-06-25,14.61,15.54,14.61,15.32,239150
2009-06-26,15.32,15.77,14.91,15.71,465661
2009-06-29,15.63,15.96,15.45,15.57,90655
2009-06-30,15.5,15.98,15.5,15.94,147618
2009-07-01,15.99,16.43,15.4,16.14,159372
2009-07-02,16.14,16.14,15.63,15.83,69054
2009-07-06,15.6,15.97,15.39,15.77,146310
2009-07-07,15.82,15.82,15.45,15.45,78768
2009-07-08,15.42,15.71,15.26,15.55,244296
2009-07-09,15.6,15.6,15.33,15.58,154527
2009-07-10,15.42,15.53,15.29,15.37,112013
2009-07-13,15.5,15.71,15.3,15.64,57187
2009-07-14,15.72,15.99,15.59,15.83,69051
2009-07-15,16.0,16.245,15.71,15.92,203667
2009-07-16,15.98,16.21,15.73,15.84,278917
2009-07-17,15.79,15.87,15.43,15.53,192287
2009-07-20,15.52,15.96,15.22,15.31,367382
2009-07-21,15.52,15.8,15.0,15.09,1155758
2009-07-22,15.1,15.15,14.34,14.76,788165
2009-07-23,14.87,15.225,14.86,14.91,253618
2009-07-24,14.9,15.0,14.88,15.0,364430
2009-07-27,15.09,15.16,14.95,14.98,364565
2009-07-28,14.99,15.1,14.87,14.9,404659
2009-07-29,14.93,14.93,14.79,14.85,267436
2009-07-30,14.86,15.08,14.8,14.83,497548
2009-07-31,14.83,14.99,14.7375,14.74,377054
2009-08-03,14.79,14.925,14.62,14.85,852599
2009-08-04,14.82,14.95,14.71,14.83,880102
2009-08-05,14.82,14.88,14.7,14.79,764406
2009-08-06,14.75,14.86,14.5,14.66,326107
2009-08-07,14.78,14.89,14.7,14.8,830848
2009-08-10,16.53,16.53,15.27,15.97,2697814
2009-08-11,16.5,19.06,16.47,19.0,2149448
2009-08-12,18.9,19.05,18.35,18.91,464227
2009-08-13,19.14,19.25,18.9,19.08,348812
2009-08-14,19.16,19.43,18.96,19.03,441568
2009-08-17,18.93,19.05,18.3351,18.68,365740
2009-08-18,18.74,19.04,18.4859,19.01,480139
2009-08-19,18.91,19.33,18.88,19.16,537025
2009-08-20,19.16,19.72,19.06,19.7,348720
2009-08-21,19.68,19.95,19.46,19.58,224608
2009-08-24,19.4,19.7,19.26,19.45,170160
2009-08-25,19.4,19.8,19.33,19.77,270457
2009-08-26,19.79,19.86,19.5,19.58,219608
2009-08-27,19.58,19.59,18.96,19.38,161431
2009-08-28,19.31,19.72,18.99,19.27,161375
2009-08-31,18.93,18.95,18.14,18.55,549382
2009-09-01,18.5,18.75,17.96,18.05,501322
2009-09-02,17.96,18.25,17.83,18.15,405467
2009-09-03,18.19,18.3,17.89,18.0,281968
2009-09-04,18.0,18.05,17.92,18.0,527982
2009-09-08,18.2,18.3,17.93,17.98,615250
2009-09-09,17.99,18.1,17.94,18.0,481456
2009-09-10,18.0,18.34,17.84,18.1,604633
2009-09-11,18.05,18.43,17.91,18.19,481340
2009-09-14,18.02,18.87,17.9,18.68,412481
2009-09-15,18.58,18.94,18.05,18.93,186274
2009-09-16,18.86,19.23,18.73,19.23,258640
2009-09-17,19.3,19.32,18.91,19.18,147297
2009-09-18,19.2,19.2,18.76,18.8,326015
2009-09-21,18.76,18.76,18.41,18.63,136588
2009-09-22,18.71,19.4,18.5,19.16,211031
2009-09-23,19.26,19.26,18.69,18.69,94684
2009-09-24,18.63,18.89,18.2,18.47,173721
2009-09-25,18.36,18.5,18.06,18.37,124461
2009-09-28,18.36,18.87,18.09,18.8,230540
2009-09-29,18.82,19.05,18.6904,18.72,169566
2009-09-30,18.84,18.96,18.35,18.46,257653
2009-10-01,18.37,18.95,17.95,18.01,280288
2009-10-02,18.0,18.03,17.84,17.85,235507
2009-10-05,17.88,18.51,17.87,18.51,312531
2009-10-06,18.48,18.95,18.36,18.94,260412
2009-10-07,18.75,19.39,18.61,19.38,214125
2009-10-08,19.38,19.88,19.18,19.51,174276
2009-10-09,19.4,19.4599,19.23,19.37,71023
2009-10-12,19.34,19.61,19.25,19.31,81304
2009-10-13,19.43,19.82,19.11,19.53,163502
2009-10-14,19.74,19.971,19.68,19.81,234840
2009-10-15,19.77,20.33,19.68,20.31,183015
2009-10-16,20.12,20.49,19.82,20.36,193516
2009-10-19,20.45,21.12,20.4,20.94,241141
2009-10-20,20.9,20.9,20.05,20.15,238408
2009-10-21,20.24,20.88,19.86,19.95,182091
2009-10-22,20.04,20.96,19.705,20.93,222545
2009-10-23,21.0,21.36,20.38,20.42,103423
2009-10-26,20.39,20.62,19.34,19.36,204490
2009-10-27,19.49,19.69,19.17,19.23,163177
2009-10-28,19.26,19.27,18.03,18.08,228641
2009-10-29,18.09,18.72,18.0,18.19,214859
2009-10-30,18.16,18.39,18.08,18.16,242528
2009-11-02,18.01,18.52,18.0,18.45,181033
2009-11-03,18.25,18.69,18.0,18.69,138153
2009-11-04,18.74,18.74,18.44,18.61,128771
2009-11-05,18.74,19.09,18.68,19.09,92087
2009-11-06,19.07,19.96,18.93,19.88,199935
2009-11-09,21.23,21.99,19.62,20.0,508868
2009-11-10,19.8,19.94,18.61,19.57,350907
2009-11-11,19.61,20.58,19.38,20.31,194909
2009-11-12,20.48,20.92,20.13,20.22,114250
2009-11-13,20.17,20.66,20.09,20.49,137323
2009-11-16,20.49,20.83,20.27,20.55,115955
2009-11-17,20.49,20.6,20.16,20.22,166707
2009-11-18,20.27,20.49,19.99,20.38,127500
2009-11-19,20.14,20.29,19.63,20.25,259739
2009-11-20,20.15,20.3798,19.95,20.15,446080
2009-11-23,20.24,20.5,20.14,20.41,157711
2009-11-24,20.45,20.45,20.02,20.22,118864
2009-11-25,20.16,20.23,20.0,20.04,86057
2009-11-27,19.7,19.905,19.2,19.56,44070
2009-11-30,19.72,19.79,19.13,19.43,244308
2009-12-01,19.43,19.81,19.27,19.37,142128
2009-12-02,19.39,19.79,19.07,19.68,267793
2009-12-03,19.6,19.99,19.45,19.49,161931
2009-12-04,19.68,19.96,19.21,19.57,106932
2009-12-07,19.57,19.85,19.37,19.72,155306
2009-12-08,19.54,19.78,19.42,19.76,117527
2009-12-09,19.75,19.91,19.56,19.75,175296
2009-12-10,19.75,19.8,19.63,19.75,105452
2009-12-11,19.76,19.76,19.42,19.51,56293
2009-12-14,19.49,19.59,19.29,19.54,95786
2009-12-15,19.38,19.49,18.58,19.15,221717
2009-12-16,19.22,19.55,19.191,19.24,110468
2009-12-17,19.09,19.15,18.82,19.13,91915
2009-12-18,19.33,19.36,19.1,19.36,159310
2009-12-21,18.71,19.37,18.71,19.35,74003
2009-12-22,19.35,19.64,19.265,19.63,78487
2009-12-23,19.69,19.75,19.434,19.65,123323
2009-12-24,19.58,19.8,19.42,19.7,24751
2009-12-28,19.61,19.78,19.54,19.72,64651
2009-12-29,19.7,19.77,19.59,19.7,99988
2009-12-30,19.68,19.77,19.62,19.74,135779
2009-12-31,19.75,20.29,19.6,20.14,185844
2010-01-04,20.11,20.51,19.98,20.49,214578
2010-01-05,20.37,20.56,19.97,20.05,127273
2010-01-06,19.91,20.14,19.91,20.02,103948
2010-01-07,19.91,19.98,19.64,19.95,120650
2010-01-08,19.75,19.96,19.75,19.96,43885
2010-01-11,20.11,20.11,19.69,19.69,163056
2010-01-12,19.55,19.88,19.5,19.62,125414
2010-01-13,19.77,19.81,19.52,19.61,81496
2010-01-14,19.7,19.74,19.32,19.65,141759
2010-01-15,19.61,19.61,19.342,19.4,87035
2010-01-19,19.36,19.7,19.14,19.66,102413
2010-01-20,19.35,19.77,19.14,19.35,116583
2010-01-21,19.33,19.41,19.18,19.32,275263
2010-01-22,19.34,19.51,18.98,19.05,64374
2010-01-25,19.08,19.08,18.91,18.94,120383
2010-01-26,18.94,19.01,18.66,18.85,144522
2010-01-27,18.9,19.02,18.71,18.88,85204
2010-01-28,18.83,19.48,18.79,19.36,158392
2010-01-29,19.46,19.59,19.2,19.2,195988
2010-02-01,19.21,19.38,19.0,19.14,111940
2010-02-02,19.21,19.62,18.5,19.29,161541
2010-02-03,19.1,19.32,18.95,19.12,90234
2010-02-04,19.08,19.08,18.71,18.91,154057
2010-02-05,18.89,18.93,18.43,18.8,98882
2010-02-08,18.84,18.84,18.62,18.68,98780
2010-02-09,18.71,19.109,18.63,18.7,40412
2010-02-10,18.74,18.86,18.63,18.86,51852
2010-02-11,18.74,19.0,18.64,18.94,39919
2010-02-12,18.76,19.17,18.67,19.16,109631
2010-02-16,19.22,19.33,19.17,19.26,37252
2010-02-17,19.38,19.42,19.14,19.31,133516
2010-02-18,19.3,19.44,19.045,19.21,117892
2010-02-19,19.24,19.6,19.05,19.48,143574
2010-02-22,19.43,19.66,19.23,19.6,186820
2010-02-23,19.55,19.92,19.53,19.65,173001
2010-02-24,19.72,19.84,19.48,19.75,43107
2010-02-25,19.62,19.96,19.42,19.93,134915
2010-02-26,19.82,20.142,19.46,20.14,361151
2010-03-01,19.02,20.43,19.01,19.62,303630
2010-03-02,19.58,19.64,19.12,19.64,531370
2010-03-03,19.7,19.98,19.48,19.8,215909
2010-03-04,19.75,19.99,19.38,19.84,427030
2010-03-05,20.03,20.6,19.98,20.51,356469
2010-03-08,20.55,20.71,20.35,20.57,233393
2010-03-09,20.54,21.01,20.52,20.65,210002
2010-03-10,20.76,20.94,20.65,20.71,114823
2010-03-11,20.76,20.87,20.51,20.67,205094
2010-03-12,20.63,20.63,19.91,20.1,313705
2010-03-15,20.01,20.09,19.89,20.02,121623
2010-03-16,20.06,20.28,20.01,20.23,216092
2010-03-17,20.18,20.3525,19.99,20.05,131758
2010-03-18,19.94,20.05,19.83,19.97,142887
2010-03-19,19.95,20.1005,19.63,20.1,325800
2010-03-22,19.99,20.22,19.69,19.79,126866
2010-03-23,19.77,19.98,19.5,19.75,170676
2010-03-24,19.73,19.7525,19.57,19.68,101382
2010-03-25,19.79,20.14,19.59,19.67,181184
2010-03-26,19.8,19.98,19.67,19.8,98381
2010-03-29,19.73,19.85,19.7019,19.76,80840
2010-03-30,19.86,20.31,19.86,20.01,97995
2010-03-31,19.92,20.55,19.78,20.28,170308
2010-04-05,20.13,20.67,20.13,20.41,101138
2010-04-06,20.4,20.87,20.3,20.69,194088
2010-04-07,20.56,20.77,20.18,20.65,193751
2010-04-08,20.51,20.8,20.12,20.69,125691
2010-04-09,19.91,20.33,19.69,19.88,342875
2010-04-12,19.78,19.88,19.6,19.74,148971
2010-04-13,19.64,19.98,19.44,19.63,110996
2010-04-14,19.71,19.77,19.4,19.59,94552
2010-04-15,19.59,19.82,19.49,19.76,79855
2010-04-16,19.74,19.99,19.42,19.72,115330
2010-04-19,19.63,19.71,19.21,19.46,52105
2010-04-20,19.45,19.71,19.31,19.69,98490
2010-04-21,19.66,19.73,19.37,19.4,67714
2010-04-22,19.32,19.65,19.18,19.61,59287
2010-04-23,19.63,19.73,19.43,19.72,84901
2010-04-26,19.58,19.7,19.385,19.59,52751
2010-04-27,19.46,19.64,19.02,19.15,76990
2010-04-28,19.24,19.32,18.96,19.2,66781
2010-04-29,19.29,19.42,18.99,19.35,105265
2010-04-30,19.3,19.48,19.21,19.21,89062
2010-05-03,19.28,19.35,19.03,19.24,74890
2010-05-04,19.18,19.27,18.75,18.76,85505
2010-05-05,18.56,18.69,18.37,18.6,66892
2010-05-06,18.45,18.57,17.71,18.38,207895
2010-05-07,18.4,18.51,17.55,18.05,165478
2010-05-10,18.92,19.51,18.59,19.51,307593
2010-05-11,19.22,20.8,19.21,20.56,363513
2010-05-12,20.7,20.99,20.422,20.5,279363
2010-05-13,20.28,20.635,20.28,20.47,141477
2010-05-14,20.35,20.71,19.981,20.45,463038
2010-05-17,20.61,20.73,20.16,20.55,321534
2010-05-18,20.75,21.06,20.47,20.64,223328
2010-05-19,20.74,20.74,20.23,20.26,111233
2010-05-20,20.01,20.16,19.55,19.74,168230
2010-05-21,19.51,19.66,18.85,19.34,328263
2010-05-24,19.26,19.57,19.1,19.44,116165
2010-05-25,19.27,19.46,18.96,19.3,157905
2010-05-26,19.48,20.26,19.46,20.23,305550
2010-05-27,20.48,21.17,20.37,21.16,143648
2010-05-28,21.15,21.16,20.6,21.03,128194
2010-06-01,20.86,21.3,20.45,20.56,115912
2010-06-02,20.58,20.94,20.55,20.75,221244
2010-06-03,20.87,21.56,20.8325,21.53,288292
2010-06-04,21.05,21.38,20.5,20.56,135972
2010-06-07,20.72,20.86,20.18,20.27,136091
2010-06-08,20.43,21.21,20.03,20.5,249903
2010-06-09,20.5,20.73,20.01,20.05,165115
2010-06-10,20.75,21.08,20.56,20.85,220614
2010-06-11,20.59,20.83,20.59,20.73,139383
2010-06-14,20.91,21.24,20.73,21.09,226240
2010-06-15,21.28,21.4,21.03,21.34,114371
2010-06-16,21.17,21.52,21.01,21.35,170193
2010-06-17,21.52,21.55,21.24,21.39,59094
2010-06-18,21.43,21.43,20.73,20.82,432123
2010-06-21,20.85,21.27,20.71,20.91,138724
2010-06-22,21.07,21.3588,20.35,20.42,117632
2010-06-23,20.43,20.83,20.02,20.14,96717
2010-06-24,20.2,20.49,19.51,19.52,176661
2010-06-25,19.52,19.93,19.3001,19.79,277501
2010-06-28,19.74,20.24,19.47,19.59,124658
2010-06-29,19.29,19.44,18.9,19.01,140695
2010-06-30,18.97,19.78,18.97,19.08,197803
2010-07-01,19.05,19.19,18.78,19.06,198667
2010-07-02,19.17,19.36,18.89,19.04,72057
2010-07-06,19.32,19.42,18.87,18.96,128853
2010-07-07,18.99,19.36,18.88,19.36,77233
2010-07-08,19.53,19.68,19.21,19.67,101067
2010-07-09,19.53,19.74,19.38,19.585,74810
2010-07-12,19.45,19.9,19.3,19.37,119661
2010-07-13,19.53,20.23,19.47,20.09,181833
2010-07-14,19.94,20.455,19.91,20.33,140483
2010-07-15,20.23,20.23,19.84,20.02,99251
2010-07-16,19.95,19.95,19.32,19.38,80235
2010-07-19,19.47,19.5,19.15,19.29,41950
2010-07-20,19.11,19.55,19.1,19.52,96926
2010-07-21,19.63,19.63,19.01,19.05,78627
2010-07-22,19.28,19.56,19.02,19.35,111488
2010-07-23,19.28,19.62,19.17,19.5,62634
2010-07-26,19.49,19.79,19.15,19.78,61270
2010-07-27,20.0,20.04,19.61,19.77,53125
2010-07-28,19.72,19.72,19.0175,19.08,141265
2010-07-29,19.21,19.47,18.95,19.27,47941
2010-07-30,18.9,19.33,18.51,19.1,122666
2010-08-02,19.27,19.8,19.27,19.72,113270
2010-08-03,19.55,20.2,19.46,19.95,66675
2010-08-04,20.1,20.23,19.93,20.19,43048
2010-08-05,20.07,20.22,19.9,20.16,68958
2010-08-06,19.86,20.35,19.67,20.32,165603
2010-08-09,19.71,19.98,19.0,19.65,261685
2010-08-10,19.46,19.95,19.12,19.28,188140
2010-08-11,19.01,19.16,18.5,18.66,219160
2010-08-12,18.48,18.58,18.16,18.44,330569
2010-08-13,18.51,18.69,18.21,18.51,206445
2010-08-16,18.36,18.71,18.3,18.7,132015
2010-08-17,18.81,19.15,18.75,18.94,316721
2010-08-18,18.94,19.38,18.85,19.26,333779
2010-08-19,19.14,19.33,19.11,19.25,416426
2010-08-20,19.15,19.26,19.0,19.18,80559
2010-08-23,19.18,19.43,19.05,19.08,48171
2010-08-24,18.85,19.1328,18.73,18.96,58568
2010-08-25,18.84,19.17,18.84,19.09,64558
2010-08-26,19.13,19.47,19.13,19.18,113434
2010-08-27,19.33,19.33,18.98,19.14,168591
2010-08-30,19.04,19.31,18.84,18.84,83351
2010-08-31,18.75,18.99,18.6,18.66,119045
2010-09-01,18.83,19.46,18.79,19.45,132857
2010-09-02,19.41,19.61,19.21,19.57,75848
2010-09-03,19.71,19.72,19.48,19.71,112938
2010-09-07,19.56,19.61,19.23,19.36,81967
2010-09-08,19.35,19.39,19.14,19.23,81908
2010-09-09,19.45,19.52,19.0925,19.37,73831
2010-09-10,19.34,19.4,19.21,19.28,59297
2010-09-13,19.5,19.81,19.31,19.7725,117841
2010-09-14,19.7,19.9,19.4625,19.8,105510
2010-09-15,19.7,19.71,19.3,19.42,119215
2010-09-16,19.32,19.33,19.08,19.24,102510
2010-09-17,19.21,19.3,19.13,19.18,97667
2010-09-20,19.2,19.38,19.1,19.23,102972
2010-09-21,19.11,19.32,18.95,19.2,184758
2010-09-22,19.13,19.25,18.8,18.85,132677
2010-09-23,18.73,18.94,18.1,18.55,266492
2010-09-24,18.2244,19.23,18.22,19.21,69112
2010-09-27,19.16,19.3,18.92,19.0,421043
2010-09-28,19.08,19.12,18.85,19.11,93490
2010-09-29,19.01,19.11,18.87,18.98,178778
2010-09-30,19.16,19.16,18.81,19.08,153535
2010-10-01,19.11,19.15,18.88,19.01,150312
2010-10-04,18.98,19.13,18.84,18.98,90697
2010-10-05,19.18,19.6,19.13,19.505,139078
2010-10-06,19.39,19.51,19.21,19.3,66376
2010-10-07,19.31,19.31,19.05,19.15,124432
2010-10-08,19.14,19.5,18.7,19.43,61551
2010-10-11,19.4,19.51,19.26,19.38,45552
2010-10-12,19.3,19.495,19.2,19.4,89596
2010-10-13,19.48,19.49,19.34,19.45,64420
2010-10-14,19.39,19.44,19.13,19.31,70456
2010-10-15,19.34,19.41,19.21,19.26,49698
2010-10-18,19.26,19.39,19.1,19.11,81667
2010-10-19,18.92,19.15,18.7,18.77,98650
2010-10-20,18.84,19.39,18.83,19.34,91667
2010-10-21,19.43,19.61,19.3,19.61,126481
2010-10-22,19.55,20.03,19.46,20.03,113071
2010-10-25,20.03,20.54,20.03,20.49,179433
2010-10-26,20.33,20.62,20.18,20.46,90104
2010-10-27,20.34,20.44,20.215,20.32,56840
2010-10-28,20.46,20.46,20.24,20.36,58158
2010-10-29,20.97,22.08,20.7391,21.2,321834
2010-11-01,21.43,22.05,21.07,21.55,189650
2010-11-02,21.83,21.86,21.25,21.4,229077
2010-11-03,21.33,21.505,21.04,21.29,162976
2010-11-04,21.47,21.53,21.33,21.35,185999
2010-11-05,22.38,22.38,21.36,21.65,372601
2010-11-08,21.54,21.81,21.49,21.7,351868
2010-11-09,21.78,22.04,21.62,21.66,207916
2010-11-10,21.72,21.81,21.35,21.45,118870
2010-11-11,21.13,21.21,20.78,21.05,206736
2010-11-12,20.93,21.09,20.8,21.0,204957
2010-11-15,21.11,21.16,20.83,20.93,126670
2010-11-16,20.74,20.785,20.61,20.76,102048
2010-11-17,20.74,20.83,20.55,20.6,56465
2010-11-18,20.78,21.17,20.78,20.94,80165
2010-11-19,20.99,21.73,20.81,21.01,422905
2010-11-22,21.01,21.39,20.76,21.11,87059
2010-11-23,20.88,20.91,20.6,20.67,275983
2010-11-24,20.88,21.0,20.12,20.64,262136
2010-11-26,20.57,20.83,20.41,20.78,86641
2010-11-29,20.68,20.88,20.17,20.21,197838
2010-11-30,20.03,20.33,19.76,20.17,238246
2010-12-01,20.45,20.49,19.98,20.16,144880
2010-12-02,20.07,20.55,19.92,20.48,443354
2010-12-03,20.39,20.55,20.0,20.5,453717
2010-12-06,20.44,20.61,20.22,20.58,345276
2010-12-07,20.71,20.83,20.42,20.53,305415
2010-12-08,20.53,20.57,20.22,20.5,85334
2010-12-09,20.65,20.7298,20.411,20.62,108636
2010-12-10,20.54,20.64,20.53,20.63,86473
2010-12-13,20.67,20.86,20.51,20.8,145334
2010-12-14,20.77,20.95,20.65,20.8,193863
2010-12-15,20.81,21.13,20.76,20.99,152807
2010-12-16,20.94,21.44,20.94,21.34,168364
2010-12-17,21.36,21.6218,20.93,21.62,323473
2010-12-20,21.78,22.6,21.58,22.55,281192
2010-12-21,22.59,23.5,22.59,23.28,255590
2010-12-22,23.25,23.79,23.25,23.63,194437
2010-12-23,23.57,23.78,23.32,23.47,114370
2010-12-27,23.37,23.55,23.23,23.5,104619
2010-12-28,23.53,23.54,23.34,23.49,92838
2010-12-29,23.57,24.05,23.55,24.03,103672
2010-12-30,24.06,24.79,24.03,24.74,340838
2010-12-31,24.75,24.97,24.55,24.97,148641
2011-01-03,25.24,26.77,25.2,26.37,409661
2011-01-04,26.25,26.55,25.82,26.13,147879
2011-01-05,26.23,26.54,25.96,25.96,457597
2011-01-06,25.84,26.08,25.55,25.57,307091
2011-01-07,25.51,25.77,25.3,25.47,230547
2011-01-10,25.41,26.06,25.41,26.01,358898
2011-01-11,26.25,26.77,26.25,26.7,321961
2011-01-12,26.89,26.95,26.48,26.6,146397
2011-01-13,26.48,26.7,26.4501,26.65,106358
2011-01-14,26.54,26.9,26.51,26.83,111044
2011-01-18,26.73,27.03,26.38,27.01,352818
2011-01-19,27.11,27.36,26.84,27.07,355428
2011-01-20,26.86,27.16,26.51,26.87,244966
2011-01-21,26.87,27.17,26.57,26.9,177132
2011-01-24,26.86,27.29,26.81,27.29,139886
2011-01-25,27.23,27.32,27.0,27.03,235292
2011-01-26,27.19,27.68,26.92,27.45,177958
2011-01-27,27.49,27.65,27.28,27.52,85052
2011-01-28,27.65,27.7,26.87,26.89,288773
2011-01-31,27.01,27.28,26.81,27.25,205220
2011-02-01,27.5,27.95,27.135,27.75,229222
2011-02-02,28.03,29.13,27.81,28.97,366236
2011-02-03,28.95,29.14,28.25,29.12,142744
2011-02-04,29.22,29.43,29.01,29.21,130178
2011-02-07,29.44,29.61,29.08,29.21,83586
2011-02-08,29.2,29.569,29.14,29.54,82147
2011-02-09,29.53,29.84,29.17,29.48,88514
2011-02-10,29.65,30.0,29.5,29.75,168531
2011-02-11,29.58,30.03,29.5,29.88,247041
2011-02-14,29.82,31.03,28.67,30.84,1344039
2011-02-15,31.04,33.13,30.852,32.28,898847
2011-02-16,32.46,32.91,30.59,31.77,778156
2011-02-17,31.7,33.02,31.14,32.9,579585
2011-02-18,32.9,33.6,32.82,33.4,345649
2011-02-22,33.0,33.27,32.05,32.16,264242
2011-02-23,32.09,32.64,31.21,31.47,380331
2011-02-24,31.12,34.36,30.85,34.19,674831
2011-02-25,34.3,36.09,33.56,35.97,843278
2011-02-28,34.44,35.73,33.8,34.7,1263281
2011-03-01,34.56,35.3,34.43,34.81,282232
2011-03-02,34.74,35.98,34.45,35.27,323318
2011-03-03,35.56,36.74,35.56,36.31,295387
2011-03-04,36.27,36.8,36.08,36.8,322014
2011-03-07,36.89,37.035,36.01,36.4,241574
2011-03-08,36.4,37.03,36.13,36.41,422665
2011-03-09,36.41,36.77,36.14,36.44,416158
2011-03-10,36.08,36.08,34.9315,35.33,294707
2011-03-11,35.26,36.01,34.87,35.31,345911
2011-03-14,35.21,35.87,34.26,35.47,242759
2011-03-15,34.59,35.03,34.36,34.68,359830
2011-03-16,34.81,35.05,34.2606,34.56,429264
2011-03-17,35.45,35.5,34.9,35.15,364264
2011-03-18,35.57,35.69,35.01,35.45,350012
2011-03-21,35.89,35.97,34.66,35.06,369581
2011-03-22,35.16,35.44,34.92,35.37,457465
2011-03-23,35.15,35.82,35.02,35.8,326292
2011-03-24,35.84,36.98,35.81,36.67,238739
2011-03-25,37.01,37.5,36.57,37.05,209711
2011-03-28,37.0,37.29,36.89,37.03,253413
2011-03-29,36.85,37.22,36.83,37.15,161921
2011-03-30,37.28,37.5,37.09,37.5,203950
2011-03-31,37.19,37.95,37.06,37.85,473754
2011-04-01,37.85,38.12,37.17,37.26,231448
2011-04-04,37.52,37.92,36.98,37.62,208020
2011-04-05,37.33,37.48,35.96,35.98,354853
2011-04-06,36.63,37.79,35.88,36.88,435047
2011-04-07,36.92,37.32,36.55,36.81,219738
2011-04-08,37.0,37.14,36.21,36.47,174105
2011-04-11,36.47,36.94,35.13,35.31,337328
2011-04-12,35.28,35.76,34.3,34.71,217583
2011-04-13,35.09,36.24,34.89,36.16,249329
2011-04-14,36.13,36.26,35.52,35.89,181342
2011-04-15,36.02,36.55,35.7,36.51,141314
2011-04-18,36.27,36.27,35.04,35.35,126661
2011-04-19,35.48,35.74,35.15,35.44,149770
2011-04-20,36.06,36.48,35.94,36.35,262663
2011-04-21,36.58,37.08,36.13,37.05,192076
2011-04-25,37.03,37.36,36.54,37.2,261567
2011-04-26,37.21,37.38,36.53,36.88,171972
2011-04-27,36.96,37.33,36.3,37.25,118757
2011-04-28,37.03,37.3,36.74,36.83,98619
2011-04-29,36.76,37.55,36.76,37.08,212123
2011-05-02,35.09,36.12,34.6,34.99,590887
2011-05-03,34.69,34.8,33.83,33.9,314247
2011-05-04,33.76,34.125,32.82,33.98,439921
2011-05-05,33.9,33.98,33.01,33.12,307642
2011-05-06,33.56,33.56,32.5,33.48,265167
2011-05-09,33.35,34.5,33.35,34.23,184269
2011-05-10,33.64,34.39,33.43,34.08,167214
2011-05-11,34.0,34.24,33.32,33.66,176753
2011-05-12,33.58,34.29,33.2,34.17,146174
2011-05-13,34.12,34.27,33.35,33.4,155519
2011-05-16,33.2,33.5,32.43,32.44,206043
2011-05-17,32.31,32.51,31.76,32.41,223512
2011-05-18,32.5,33.43,32.32,33.34,69525
2011-05-19,33.55,33.67,33.29,33.49,81066
2011-05-20,33.22,33.63,33.0,33.44,102940
2011-05-23,32.87,33.25,32.32,32.46,92861
2011-05-24,32.61,32.61,32.07,32.23,64449
2011-05-25,32.1,32.54,31.92,32.44,76826
2011-05-26,32.38,32.945,32.16,32.75,95808
2011-05-27,32.81,33.31,32.81,33.17,70954
2011-05-31,33.39,34.31,33.17,33.69,267162
2011-06-01,33.5,33.86,33.16,33.33,180570
2011-06-02,33.32,33.64,32.96,33.46,201901
2011-06-03,33.06,33.34,32.78,33.0,216323
2011-06-06,32.83,33.07,31.8806,32.0,200874
2011-06-07,32.2,32.4,31.82,32.21,127237
2011-06-08,32.1,32.48,32.07,32.33,162490
2011-06-09,32.4,32.91,32.28,32.69,100524
2011-06-10,32.55,32.55,31.85,32.27,190482
2011-06-13,32.25,32.78,32.2,32.66,144810
2011-06-14,32.8,32.83,31.75,32.09,253745
2011-06-15,31.69,32.55,31.69,32.39,181557
2011-06-16,32.38,33.02,32.36,32.98,239711
2011-06-17,33.1,33.61,32.86,33.07,367060
2011-06-20,33.15,33.67,33.0,33.63,172542
2011-06-21,33.7,35.66,33.46,35.07,397290
2011-06-22,35.07,35.61,34.88,35.38,177940
2011-06-23,34.97,35.42,34.52,35.19,231714
2011-06-24,35.14,35.47,34.87,35.15,137304
2011-06-27,35.21,35.87,34.9,35.45,98467
2011-06-28,35.55,35.99,35.195,35.92,114248
2011-06-29,36.0,36.5,35.75,36.31,112085
2011-06-30,36.18,36.528,36.08,36.43,185106
2011-07-01,36.28,37.14,36.12,37.1,154363
2011-07-05,36.9,37.39,36.61,37.37,114191
2011-07-06,37.21,37.94,37.12,37.94,228502
2011-07-07,38.05,38.4,37.36,38.27,264343
2011-07-08,38.22,38.47,37.36,38.36,183281
2011-07-11,37.89,38.08,37.32,37.68,134943
2011-07-12,37.18,37.59,36.79,36.91,102296
2011-07-13,37.18,37.4,37.1,37.29,94393
2011-07-14,37.32,37.66,36.52,36.82,87619
2011-07-15,37.0,37.0,36.43,36.66,89673
2011-07-18,36.56,36.81,35.98,36.53,124414
2011-07-19,36.53,37.07,36.53,36.78,143251
2011-07-20,36.81,36.81,35.895,36.21,178706
2011-07-21,36.24,36.73,35.41,35.9,350014
2011-07-22,35.98,36.72,35.98,36.64,397728
2011-07-25,36.17,36.83,36.02,36.19,168698
2011-07-26,36.1,36.33,35.4,35.78,193521
2011-07-27,35.4,35.54,34.787,34.86,172796
2011-07-28,35.03,35.06,34.3,34.32,421759
2011-07-29,33.81,34.2,33.42,33.46,222461
2011-08-01,33.78,34.06,33.03,33.57,223026
2011-08-02,33.15,32.24,30.62,31.47,349661
2011-08-03,31.49,32.24,30.62,31.59,276868
2011-08-04,31.27,31.32,29.17,29.22,275161
2011-08-05,29.71,29.83,27.5,28.08,428492
2011-08-08,27.31,27.95,25.1809,25.26,380418
2011-08-09,25.67,26.65,25.32,26.47,666970
2011-08-10,25.82,26.71,25.51,25.8,600922
2011-08-11,26.04,26.21,24.89,25.13,505765
2011-08-12,25.47,25.74,24.94,25.17,282630
2011-08-15,25.4,26.11,25.16,25.89,188639
2011-08-16,25.77,25.77,24.86,24.97,296834
2011-08-17,25.24,25.27,24.3,24.61,215037
2011-08-18,23.98,24.31,22.73,22.98,253469
2011-08-19,22.69,23.41,22.44,22.6,159693
2011-08-22,23.26,23.68,22.81,22.91,396566
2011-08-23,23.1,23.39,22.14,22.73,260535
2011-08-24,22.75,23.48,22.628,23.06,302151
2011-08-25,23.18,23.35,22.5,22.58,330513
2011-08-26,22.46,23.3,22.31,23.16,148181
2011-08-29,23.57,24.28,23.29,24.26,129297
2011-08-30,24.21,24.62,23.82,24.29,173924
2011-08-31,24.39,24.9,24.06,24.35,179398
2011-09-01,24.43,24.7699,23.87,23.94,301171
2011-09-02,23.48,24.66,22.87,23.12,213798
2011-09-06,22.38,23.6,22.38,23.0,340864
2011-09-07,23.35,24.23,23.35,23.94,275014
2011-09-08,23.85,23.98,23.5,23.77,166235
2011-09-09,23.52,23.67,23.12,23.2,258632
2011-09-12,22.85,23.335,22.56,22.92,270198
2011-09-13,23.01,23.47,22.72,23.4,107169
2011-09-14,23.54,24.42,23.22,24.08,146963
2011-09-15,24.26,24.3,23.35,24.23,469346
2011-09-16,24.34,24.47,23.68,23.87,196060
2011-09-19,23.49,23.51,22.77,23.3,118817
2011-09-20,23.37,23.37,22.955,23.0,236457
2011-09-21,22.95,23.26,22.57,22.57,197992
2011-09-22,21.9,22.36,20.83,21.36,227044
2011-09-23,21.38,22.07,21.25,22.04,101486
2011-09-26,22.26,22.59,21.82,22.51,211333
2011-09-27,22.92,24.19,22.69,23.39,176299
2011-09-28,23.58,23.61,22.49,22.55,125762
2011-09-29,23.01,23.28,22.24,22.78,131108
2011-09-30,22.5,23.1,22.5,22.61,194655
2011-10-03,22.38,22.6,21.1,21.15,199195
2011-10-04,20.96,22.5,20.89,22.42,231189
2011-10-05,22.41,23.84,22.21,23.69,352924
2011-10-06,23.62,23.85,23.081,23.58,157044
2011-10-07,23.58,23.58,22.64,22.93,203647
2011-10-10,23.35,23.72,23.165,23.45,153059
2011-10-11,23.16,23.85,22.99,23.83,190388
2011-10-12,24.06,24.91,23.83,24.64,236179
2011-10-13,24.42,24.86,23.62,24.06,118901
2011-10-14,24.39,24.93,24.17,24.93,123242
2011-10-17,24.69,24.77,23.93,24.05,167818
2011-10-18,24.01,25.46,23.74,25.17,206792
2011-10-19,25.16,25.42,24.54,24.65,136783
2011-10-20,24.63,24.97,24.37,24.85,303956
2011-10-21,25.17,25.27,24.81,25.25,180308
2011-10-24,26.03,26.87,25.91,26.38,263237
2011-10-25,26.49,26.85,25.81,25.85,166951
2011-10-26,26.36,26.46,25.41,25.85,115215
2011-10-27,26.67,27.11,25.494,26.8,165040
2011-10-28,25.49,26.93,25.49,26.74,88077
2011-10-31,26.22,26.66,26.005,26.36,163100
2011-11-01,25.46,25.95,25.14,25.19,122043
2011-11-02,25.4,25.86,24.99,25.35,127367
2011-11-03,25.79,26.34,25.25,26.28,66678
2011-11-04,26.1,26.495,25.48,26.44,122908
2011-11-07,24.95,25.52,23.7,25.36,281516
2011-11-08,25.71,25.71,25.16,25.2,319313
2011-11-09,24.6,24.88,23.92,24.05,175647
2011-11-10,24.35,24.35,23.68,23.77,308308
2011-11-11,24.18,24.22,23.46,23.73,279542
2011-11-14,23.05,23.85,22.77,23.54,212267
2011-11-15,23.33,23.9,23.28,23.74,201715
2011-11-16,23.47,23.75,23.25,23.38,196990
2011-11-17,23.32,23.6,22.98,23.09,145509
2011-11-18,23.15,23.15,22.45,22.54,249585
2011-11-21,22.11,22.27,21.53,21.58,230228
2011-11-22,21.56,21.71,21.35,21.47,101277
2011-11-23,21.3,21.34,20.52,20.52,120510
2011-11-25,20.22,20.85,20.22,20.49,44036
2011-11-28,21.23,21.53,20.2929,21.37,153265
2011-11-29,21.22,21.72,21.0,21.24,117381
2011-11-30,22.02,22.18,21.5,21.98,290909
2011-12-01,22.0,22.49,21.79,22.47,176408
2011-12-02,22.77,23.29,22.56,23.07,326168
2011-12-05,23.43,23.74,23.25,23.45,225794
2011-12-06,23.5,23.75,22.94,23.16,148198
2011-12-07,23.02,23.25,22.64,22.74,186300
2011-12-08,22.54,22.77,22.06,22.19,187019
2011-12-09,22.29,23.1,22.21,22.98,88000
2011-12-12,22.67,22.67,22.12,22.21,153754
2011-12-13,22.4,22.74,22.0,22.05,129765
2011-12-14,21.86,22.18,21.0,21.33,134635
2011-12-15,21.54,21.62,20.86,20.86,354087
2011-12-16,20.96,21.29,20.44,20.72,449855
2011-12-19,20.71,21.07,20.35,20.46,326619
2011-12-20,20.81,21.06,20.7305,20.87,432531
2011-12-21,20.77,20.77,20.1,20.35,311407
2011-12-22,20.51,21.47,20.33,21.18,520970
2011-12-23,21.24,21.28,20.93,20.99,205883
2011-12-27,21.0,21.4592,20.995,21.4,192692
2011-12-28,21.44,21.44,20.78,20.89,236836
2011-12-29,20.98,21.26,20.9,21.17,148205
2011-12-30,21.15,21.31,20.91,20.94,102591
2012-01-03,21.28,21.91,20.94,21.81,279795
2012-01-04,21.65,21.87,21.53,21.58,195243
2012-01-05,21.46,21.86,21.31,21.33,233321
2012-01-06,21.22,21.67,21.17,21.475,88768
2012-01-09,21.36,21.68,21.15,21.67,131934
2012-01-10,21.89,22.4,21.86,22.24,94431
2012-01-11,22.2,22.75,21.98,22.68,117964
2012-01-12,22.7,23.09,21.66,23.02,144275
2012-01-13,22.86,23.42,22.6,22.79,88024
2012-01-17,22.93,23.15,22.58,23.0,83629
2012-01-18,22.99,23.71,22.37,23.7,257017
2012-01-19,23.84,24.36,23.24,24.2,349734
2012-01-20,24.15,24.365,23.88,24.2,86854
2012-01-23,24.42,25.18,24.3,25.01,480648
2012-01-24,24.92,25.51,24.8,25.51,762632
2012-01-25,25.57,25.85,25.1104,25.21,149621
2012-01-26,25.25,25.56,25.16,25.47,324664
2012-01-27,25.33,25.59,25.22,25.47,190629
2012-01-30,25.24,25.53,24.73,25.45,66992
2012-01-31,25.63,26.27,25.4,26.24,472534
2012-02-01,26.33,27.28,26.02,27.16,341845
2012-02-02,27.07,27.98,27.07,27.84,277874
2012-02-03,28.05,29.3,27.91,29.03,328446
2012-02-06,28.72,29.51,28.508,29.42,192006
2012-02-07,29.45,31.0,29.104,30.88,474311
2012-02-08,30.72,31.12,30.65,30.83,373296
2012-02-09,30.98,32.0,30.62,31.55,198608
2012-02-10,31.38,31.48,30.51,31.35,280199
2012-02-13,31.5,32.0,31.35,31.62,274974
2012-02-14,31.62,31.93,31.37,31.66,251979
2012-02-15,31.79,32.02,31.38,31.48,222621
2012-02-16,31.55,31.6579,31.39,31.5,236397
2012-02-17,31.53,32.18,31.49,31.78,156725
2012-02-21,31.84,32.03,30.64,30.82,442346
2012-02-22,30.75,31.07,30.18,30.6,406102
2012-02-23,31.2,31.2,29.75,30.95,417374
2012-02-24,31.0,31.0,30.5909,30.64,290251
2012-02-27,30.4,30.9,30.19,30.62,132011
2012-02-28,30.54,30.77,30.12,30.26,210438
2012-02-29,30.4,30.68,29.94,29.97,258122
2012-03-01,30.34,30.37,29.75,30.1,498236
2012-03-02,30.08,30.36,29.76,29.81,261727
2012-03-05,29.89,30.0163,29.33,29.78,310419
2012-03-06,29.63,29.63,29.17,29.42,275541
2012-03-07,29.69,29.76,29.3806,29.51,320510
2012-03-08,29.66,30.03,29.25,29.27,469757
2012-03-09,29.22,29.33,28.3,28.64,662839
2012-03-12,28.81,28.81,28.28,28.31,296132
2012-03-13,28.59,28.8,28.35,28.7,570002
2012-03-14,28.7,28.92,28.53,28.64,154594
2012-03-15,28.68,28.99,28.64,28.74,321807
2012-03-16,28.75,28.9,28.72,28.77,480256
2012-03-19,28.75,28.91,28.63,28.74,324195
2012-03-20,28.49,28.748,28.2,28.59,127856
2012-03-21,28.67,28.74,28.28,28.55,160710
2012-03-22,28.18,28.64,28.18,28.36,115406
2012-03-23,28.38,28.68,28.21,28.65,627630
2012-03-26,28.87,29.03,28.7,28.85,636036
2012-03-27,29.02,29.23,28.7,28.71,374385
2012-03-28,28.73,29.01,28.392,28.62,139369
2012-03-29,28.38,28.5,27.75,28.16,159901
2012-03-30,28.27,28.58,28.002,28.14,108800
2012-04-02,27.77,28.19,27.61,28.14,363806
2012-04-03,28.0,28.16,27.73,27.85,314320
2012-04-04,27.68,27.68,27.06,27.24,469793
2012-04-05,26.99,27.34,26.86,26.98,176084
2012-04-09,26.54,27.05,26.35,27.02,281506
2012-04-10,26.84,27.07,26.23,26.41,334610
2012-04-11,26.62,27.2,26.44,26.94,309469
2012-04-12,26.99,27.38,26.67,27.31,101564
2012-04-13,27.19,27.5,27.0,27.15,204327
2012-04-16,27.19,27.23,26.88,27.19,134196
2012-04-17,27.3,27.85,27.3,27.55,114390
2012-04-18,27.44,27.55,27.31,27.43,250311
2012-04-19,27.32,27.65,27.23,27.39,125965
2012-04-20,27.52,27.72,27.4,27.57,124059
2012-04-23,27.3,27.58,27.1,27.41,188548
2012-04-24,27.37,27.61,27.24,27.38,140385
2012-04-25,27.72,28.17,27.11,28.12,139535
2012-04-26,28.09,28.6,27.96,28.46,147060
2012-04-27,28.55,28.75,28.43,28.64,137392
2012-04-30,28.57,29.2,28.57,29.05,327769
2012-05-01,29.09,29.52,28.94,29.14,192223
2012-05-02,28.97,28.99,28.51,28.71,113874
2012-05-03,28.72,29.07,28.61,28.85,220324
2012-05-04,28.79,28.93,28.0,28.24,162228
2012-05-07,28.15,28.15,26.97,28.04,319414
2012-05-08,27.56,28.01,27.44,27.77,279463
2012-05-09,27.35,28.0698,27.16,28.01,252090
2012-05-10,28.38,28.38,28.0,28.07,175186
2012-05-11,27.24,28.25,27.22,27.65,161053
2012-05-14,27.49,27.72,27.34,27.47,122555
2012-05-15,27.8,28.53,27.8,28.04,134262
2012-05-16,28.22,28.76,27.99,28.13,187422
2012-05-17,28.21,28.4,27.49,27.7,189065
2012-05-18,27.8,27.84,26.62,26.75,144641
2012-05-21,26.75,27.07,26.44,27.05,125844
2012-05-22,27.16,27.6,26.9924,27.44,132782
2012-05-23,27.14,27.55,26.795,27.53,81822
2012-05-24,27.61,27.72,26.9,27.36,101192
2012-05-25,27.3,27.93,27.1923,27.88,144200
2012-05-29,28.07,28.27,27.695,27.89,92047
2012-05-30,27.63,27.855,27.25,27.82,210232
2012-05-31,27.78,28.36,25.32,27.97,586566
2012-06-01,27.39,27.6,27.2725,27.44,179133
2012-06-04,27.54,27.67,26.11,26.38,338570
2012-06-05,26.29,26.91,25.65,26.91,119105
2012-06-06,27.1,27.62,26.98,27.62,118360
2012-06-07,27.87,28.16,27.25,27.3,286737
2012-06-08,27.19,27.4,26.772,27.26,127387
2012-06-11,27.54,27.54,26.1601,26.365,333384
2012-06-12,26.51,26.72,25.95,26.67,117822
2012-06-13,26.58,26.58,26.18,26.33,156880
2012-06-14,26.36,26.7,26.05,26.21,262146
2012-06-15,26.16,26.86,26.09,26.83,120793
2012-06-18,26.71,27.06,26.5,27.0,61081
2012-06-19,27.1,27.89,26.78,27.68,159188
2012-06-20,27.75,27.98,27.56,27.92,85383
2012-06-21,27.97,27.97,26.87,26.91,89696
2012-06-22,27.1,27.76,27.05,27.46,237472
2012-06-25,27.13,27.22,26.33,26.39,160265
2012-06-26,26.44,26.51,26.08,26.15,97468
2012-06-27,26.23,26.4,25.85,25.89,184364
2012-06-28,25.69,26.04,25.3,25.72,352951
2012-06-29,26.23,26.53,26.22,26.42,153237
2012-07-02,26.38,26.65,26.01,26.18,325186
2012-07-03,26.19,27.42,26.19,27.42,91557
2012-07-05,27.28,28.07,27.16,27.97,170535
2012-07-06,27.71,28.53,27.32,28.36,372570
2012-07-09,28.24,28.51,27.72,27.88,337558
2012-07-10,27.98,28.21,26.83,27.05,189412
2012-07-11,27.01,27.01,26.05,26.36,184026
2012-07-12,26.2,26.261,25.75,25.92,227369
2012-07-13,25.99,26.08,25.66,25.98,389694
2012-07-16,25.91,26.09,25.68,25.99,105075
2012-07-17,26.13,26.31,25.65,26.0,165995
2012-07-18,25.93,26.52,25.84,26.35,110900
2012-07-19,26.5,26.9,26.5,26.85,82870
2012-07-20,26.77,26.93,26.51,26.9,78167
2012-07-23,26.58,26.75,26.27,26.7,72424
2012-07-24,26.63,26.63,26.15,26.53,131385
2012-07-25,26.59,27.19,26.53,27.1,79076
2012-07-26,27.45,28.01,27.34,27.99,121254
2012-07-27,28.09,28.8,27.91,28.69,90101
2012-07-30,28.75,28.97,28.25,28.69,180954
2012-07-31,28.64,28.89,28.612,28.8,115192
2012-08-01,28.88,28.95,28.37,28.48,60225
2012-08-02,28.33,28.48,27.8,28.31,159024
2012-08-03,28.74,28.89,28.4,28.46,159651
2012-08-06,28.46,29.09,26.54,28.95,81006
2012-08-07,28.95,29.57,28.4,28.51,198937
2012-08-08,30.0,30.18,28.76,29.58,359989
2012-08-09,29.61,30.06,29.11,29.47,149222
2012-08-10,28.44,29.32,28.35,28.86,178498
2012-08-13,29.0,29.6,28.56,28.66,416960
2012-08-14,28.77,28.94,28.54,28.72,172088
2012-08-15,28.7,28.8,28.33,28.4,136881
2012-08-16,28.43,28.6,28.1,28.45,197805
2012-08-17,28.45,28.9,28.27,28.34,218189
2012-08-20,28.3,28.47,28.24,28.33,127512
2012-08-21,28.47,28.74,28.26,28.31,52840
2012-08-22,28.34,28.48,27.82,28.03,128706
2012-08-23,28.04,28.18,27.4,27.45,128977
2012-08-24,27.46,27.81,27.21,27.54,161212
2012-08-27,27.6,27.8,27.41,27.48,115526
2012-08-28,27.47,27.58,27.21,27.23,312265
2012-08-29,27.31,27.44,26.99,27.2,251459
2012-08-30,27.14,27.23,26.95,27.0,126878
2012-08-31,27.0,27.34,26.98,27.01,308376
2012-09-04,27.08,28.58,26.54,28.43,291691
2012-09-05,28.47,29.25,28.37,28.99,295236
2012-09-06,29.18,29.91,29.17,29.74,189809
2012-09-07,29.62,30.05,29.62,29.8,116264
2012-09-10,29.69,30.1,29.475,29.58,99078
2012-09-11,29.78,30.03,29.66,29.82,59345
2012-09-12,29.96,30.15,29.69,29.88,127023
2012-09-13,29.97,29.97,29.56,29.63,86550
2012-09-14,29.75,30.35,29.75,29.9,154246
2012-09-17,29.84,29.92,28.97,28.99,241551
2012-09-18,29.02,29.05,28.74,28.83,161399
2012-09-19,29.03,29.75,29.03,29.16,311816
2012-09-20,29.13,29.18,28.55,28.6,129358
2012-09-21,28.87,28.885,28.3,28.38,158803
2012-09-24,28.26,28.76,27.27,28.67,200410
2012-09-25,28.89,29.24,28.08,28.19,213671
2012-09-26,28.18,28.38,27.75,28.04,124187
2012-09-27,28.23,28.47,28.17,28.35,335098
2012-09-28,28.21,28.76,27.93,28.66,234001
2012-10-01,28.67,29.01,28.4,28.66,191822
2012-10-02,28.7,29.65,28.7,29.53,220610
2012-10-03,29.62,29.86,29.35,29.43,182599
2012-10-04,29.44,29.7,29.35,29.53,163743
2012-10-05,29.58,29.97,29.43,29.72,82584
2012-10-08,29.7,30.8,29.5,30.68,196442
2012-10-09,30.62,30.97,30.548,30.71,153348
2012-10-10,30.73,30.89,30.255,30.3,128534
2012-10-11,30.52,30.97,30.52,30.77,211407
2012-10-12,30.75,30.99,30.7,30.87,93127
2012-10-15,30.99,31.29,30.77,31.11,93073
2012-10-16,31.28,31.63,31.15,31.57,59309
2012-10-17,31.66,31.89,31.47,31.66,33089
2012-10-18,31.55,31.78,31.25,31.33,58968
2012-10-19,31.26,31.42,30.83,30.95,82654
2012-10-22,31.0,31.82,30.8,31.13,162975
2012-10-23,30.93,31.54,30.69,31.51,78228
2012-10-24,31.7,31.86,31.61,31.7179,95228
2012-10-25,31.8,31.876,31.34,31.67,201207
2012-10-26,31.67,31.8,31.52,31.73,84068
2012-10-31,31.74,31.9,31.42,31.76,105179
2012-11-01,31.85,32.82,31.612,32.69,69088
2012-11-02,32.85,33.03,32.634,32.96,166948
2012-11-05,32.71,33.14,32.51,32.6,212428
2012-11-06,32.0,33.21,31.8,33.03,334084
2012-11-07,32.83,33.15,32.19,32.84,197197
2012-11-08,32.65,32.9599,32.09,32.09,235643
2012-11-09,32.08,32.39,31.57,31.63,121763
2012-11-12,31.75,32.29,31.03,32.05,138791
2012-11-13,31.77,32.2,31.42,31.89,124193
2012-11-14,31.95,32.29,30.61,30.75,132581
2012-11-15,30.6,30.99,30.25,30.59,137867
2012-11-16,30.6,30.95,29.82,30.46,286928
2012-11-19,30.72,31.9898,30.531,31.2,85535
2012-11-20,31.2,31.96,31.031,31.57,79730
2012-11-21,31.59,31.69,31.4,31.63,45728
2012-11-23,31.79,31.8999,31.57,31.68,58222
2012-11-26,31.52,31.76,31.42,31.55,153718
2012-11-27,31.48,31.55,31.26,31.43,116570
2012-11-28,31.3,31.91,31.29,31.91,52116
2012-11-29,31.87,31.9,31.46,31.46,63185
2012-11-30,31.47,31.84,31.26,31.36,592223
2012-12-03,31.55,32.65,31.35,32.53,190265
2012-12-04,32.44,32.96,32.185,32.71,67372
2012-12-05,32.79,32.95,32.47,32.77,47928
2012-12-06,32.82,33.04,32.49,32.74,77787
2012-12-07,32.93,33.275,32.65,33.21,59660
2012-12-10,33.29,33.49,32.81,33.16,47675
2012-12-11,33.3,33.59,32.85,33.47,72436
2012-12-12,33.61,33.74,33.29,33.46,70297
2012-12-13,33.53,33.95,33.3,33.55,107238
2012-12-14,33.6,33.84,33.49,33.57,41730
2012-12-17,33.6,33.88,33.39,33.67,52347
2012-12-18,33.67,34.37,33.64,34.37,66605
2012-12-19,34.38,34.38,33.68,34.14,98182
2012-12-20,33.89,34.4,33.75,34.32,77207
2012-12-21,34.04,34.4,33.7402,34.25,183523
2012-12-24,34.31,34.73,32.81,34.71,36342
2012-12-26,34.86,34.86,33.77,33.92,76276
2012-12-27,34.05,34.3201,33.54,34.12,67158
2012-12-28,34.0,34.0,33.58,33.7,58638
2012-12-31,33.6,34.28,33.24,34.22,111288
2013-01-02,34.71,35.09,34.47,35.01,386383
2013-01-03,35.01,35.08,34.46,34.66,101227
2013-01-04,34.87,35.05,34.655,34.74,96427
2013-01-07,34.68,34.9,34.07,34.49,221486
2013-01-08,34.27,34.69,34.08,34.4915,174159
2013-01-09,34.48,34.66,34.19,34.51,163110
2013-01-10,34.6,34.6,34.2,34.49,103993
2013-01-11,34.54,34.54,34.2601,34.51,88848
2013-01-14,34.61,34.61,34.02,34.24,140748
2013-01-15,33.98,35.0,32.5501,34.92,109232
2013-01-16,34.92,35.155,34.67,35.04,114099
2013-01-17,35.23,35.38,34.945,35.31,79012
2013-01-18,35.34,35.64,34.93,35.59,98942
2013-01-22,35.66,35.99,35.35,35.88,86729
2013-01-23,35.94,35.979,35.54,35.81,96395
2013-01-24,35.78,36.25,35.56,36.03,125948
2013-01-25,36.17,36.35,35.541,36.19,108346
2013-01-28,36.16,37.11,35.83,37.09,163361
2013-01-29,37.15,37.15,35.81,36.36,135690
2013-01-30,36.43,36.68,36.01,36.64,166390
2013-01-31,36.69,36.88,35.9901,36.38,95961
2013-02-01,36.53,37.27,36.38,37.23,125649
2013-02-04,37.14,37.3299,35.87,36.16,170284
2013-02-05,36.7,37.55,36.47,37.54,123574
2013-02-06,37.23,37.33,36.8525,37.31,94776
2013-02-07,37.36,38.7,37.11,38.62,315243
2013-02-08,38.57,39.07,38.35,38.95,462879
2013-02-11,39.01,39.01,38.36,38.6,87903
2013-02-12,38.68,39.01,38.3175,38.93,94413
2013-02-13,39.0,39.12,38.36,38.66,121866
2013-02-14,38.57,38.72,38.02,38.36,166935
2013-02-15,38.46,39.08,38.43,38.89,208938
2013-02-19,39.0,39.5,38.85,39.38,496508
2013-02-20,39.2,39.99,37.71,39.55,429310
2013-02-21,39.49,39.68,38.64,39.32,226280
2013-02-22,39.47,39.77,38.0,38.36,502679
2013-02-25,38.31,38.7,37.55,37.67,573775
2013-02-26,37.94,38.366,37.71,37.76,301362
2013-02-27,37.7,38.46,37.3801,38.25,472503
2013-02-28,38.16,38.26,37.55,37.84,197980
2013-03-01,37.8,37.84,37.2,37.68,195149
2013-03-04,37.55,37.94,37.21,37.46,248064
2013-03-05,37.54,38.4,37.32,38.14,214624
2013-03-06,38.37,38.37,37.76,38.17,197328
2013-03-07,38.28,38.49,38.09,38.31,118620
2013-03-08,38.42,38.42,37.83,38.33,164529
2013-03-11,38.37,38.5,37.935,38.36,186913
2013-03-12,38.33,38.4,38.09,38.21,153445
2013-03-13,38.24,38.42,38.08,38.21,177067
2013-03-14,38.35,38.6199,38.23,38.52,149293
2013-03-15,38.4,38.5,38.08,38.25,220450
2013-03-18,37.98,38.53,37.98,38.48,156788
2013-03-19,38.65,39.0,38.38,38.86,114604
2013-03-20,38.96,39.16,37.89,38.0,265397
2013-03-21,37.92,38.36,37.68,38.11,222478
2013-03-22,38.16,38.62,37.89,38.6,228597
2013-03-25,38.83,38.9,38.26,38.82,132127
2013-03-26,38.86,39.06,38.57,38.65,234261
2013-03-27,38.41,38.83,37.92,38.72,151331
2013-03-28,38.61,39.07,38.29,38.97,223847
2013-04-01,38.8,38.82,38.05,38.38,191029
2013-04-02,38.18,39.14,38.08,38.95,224836
2013-04-03,38.87,38.87,37.82,37.9,173054
2013-04-04,37.85,38.55,37.43,38.24,245229
2013-04-05,37.78,37.78,37.15,37.39,157056
2013-04-08,37.3,38.02,36.92,38.0,94096
2013-04-09,38.0,38.25,37.64,37.7,81384
2013-04-10,37.69,38.2,37.69,37.94,106795
2013-04-11,37.98,38.31,37.73,38.12,60894
2013-04-12,38.04,38.94,37.8801,38.65,189812
2013-04-15,38.38,38.6626,37.62,37.65,154017
2013-04-16,38.02,38.76,37.74,38.52,144769
2013-04-17,38.23,38.41,37.36,37.69,130107
2013-04-18,37.83,38.02,37.135,37.21,201176
2013-04-19,37.15,37.6,36.995,37.34,166823
2013-04-22,37.35,38.68,37.12,37.98,191183
2013-04-23,38.2,38.8,38.08,38.64,96806
2013-04-24,38.63,39.92,38.51,39.43,162662
2013-04-25,39.44,39.66,39.1,39.13,114605
2013-04-26,39.01,39.42,38.84,39.13,78187
2013-04-29,39.24,39.45,38.81,38.91,65253
2013-04-30,38.87,39.52,38.85,39.27,128740
2013-05-01,39.1,39.31,38.8301,38.98,93163
2013-05-02,38.98,39.53,38.86,39.29,140741
2013-05-03,39.69,39.94,39.44,39.77,70727
2013-05-06,39.63,40.0,39.43,39.9,137017
2013-05-07,39.9,40.01,39.84,40.0,351487
2013-05-08,39.86,40.2,39.57,39.93,186768
2013-05-09,38.33,40.9,38.33,40.16,263435
2013-05-10,40.23,40.34,39.83,40.02,143366
2013-05-13,39.84,39.9,37.51,38.4,878304
2013-05-14,38.46,39.485,38.18,39.42,196717
2013-05-15,39.22,40.0,39.22,39.83,174834
2013-05-16,39.5,40.24,39.4,39.68,319010
2013-05-17,39.77,40.52,39.59,40.46,105681
2013-05-20,40.43,40.98,40.32,40.48,190957
2013-05-21,40.45,40.79,39.871,40.24,140455
2013-05-22,40.36,40.52,39.06,39.29,104890
2013-05-23,38.9,39.12,38.09,38.78,168654
2013-05-24,38.67,38.82,38.181,38.58,156466
2013-05-28,38.88,39.35,38.64,39.21,200815
2013-05-29,38.88,39.75,38.8,39.6,124539
2013-05-30,39.56,39.69,39.29,39.55,133600
2013-05-31,39.35,39.905,39.3,39.71,132218
2013-06-03,39.76,39.83,39.1,39.65,210732
2013-06-04,39.6,39.99,39.03,39.23,119091
2013-06-05,39.17,39.27,38.87,38.97,118599
2013-06-06,39.24,39.89,38.98,39.3,128775
2013-06-07,39.57,40.43,39.5,40.35,214472
2013-06-10,40.36,40.94,40.35,40.78,135776
2013-06-11,40.26,40.51,39.46,40.0,124685
2013-06-12,40.13,40.29,39.895,40.02,62109
2013-06-13,39.91,40.23,39.84,40.02,105809
2013-06-14,40.0,40.25,39.44,39.54,122170
2013-06-17,39.76,40.33,39.51,39.88,82121
2013-06-18,39.84,40.465,39.718,39.97,117891
2013-06-19,39.92,40.05,39.64,39.7,64946
2013-06-20,39.2,39.68,38.681,38.83,154442
2013-06-21,38.98,39.2399,38.51,38.62,195719
2013-06-24,38.38,38.38,37.99,38.13,133347
2013-06-25,38.51,38.76,38.11,38.51,67139
2013-06-26,38.8,38.88,38.37,38.51,180318
2013-06-27,38.64,39.14,38.5,39.05,90938
2013-06-28,38.94,39.68,38.81,39.11,418486
2013-07-01,38.93,39.2,37.22,39.05,386036
2013-07-02,38.75,39.175,38.49,38.86,223007
2013-07-03,38.56,39.18,38.56,38.95,102281
2013-07-05,39.05,39.74,38.855,39.31,121872
2013-07-08,39.35,39.94,39.254,39.75,145240
2013-07-09,40.0,40.16,39.6,39.94,185040
2013-07-10,39.65,40.16,39.482,40.02,224557
2013-07-11,40.3,40.7,40.0,40.69,308590
2013-07-12,40.57,41.13,40.57,40.99,204228
2013-07-15,40.93,41.29,40.48,41.01,96794
2013-07-16,40.94,41.43,40.69,41.02,160651
2013-07-17,41.05,41.4,40.94,41.19,91539
2013-07-18,41.45,41.96,41.15,41.67,113629
2013-07-19,41.49,41.55,40.88,41.08,86024
2013-07-22,41.0,41.13,40.63,41.025,112424
2013-07-23,41.0,41.42,40.83,40.87,91594
2013-07-24,40.97,40.97,40.39,40.5,66748
2013-07-25,40.52,40.6,40.266,40.4,53503
2013-07-26,40.16,40.16,39.5555,39.76,114688
2013-07-29,39.76,40.09,39.52,39.66,77145
2013-07-30,39.8,40.04,39.39,39.64,71931
2013-07-31,39.57,40.23,39.37,39.96,131132
2013-08-01,40.11,40.725,39.89,40.09,218167
2013-08-02,40.1,40.69,39.945,40.64,107459
2013-08-05,40.66,41.5,40.635,41.38,175230
2013-08-06,38.5,44.0,38.5,42.87,312654
2013-08-07,42.86,43.77,42.86,43.73,164515
2013-08-08,43.86,43.93,43.19,43.5,237660
2013-08-09,43.54,43.75,43.381,43.71,129625
2013-08-12,43.68,44.11,43.35,43.8,158688
2013-08-13,43.78,44.0587,43.42,43.8,254745
2013-08-14,43.77,44.09,43.48,43.51,149856
2013-08-15,43.13,43.325,42.58,42.67,89022
2013-08-16,42.56,42.775,42.1,42.16,56762
2013-08-19,42.1,42.289,41.39,41.48,84414
2013-08-20,41.62,41.83,41.39,41.73,101421
2013-08-21,41.75,42.11,41.43,41.55,134648
2013-08-22,41.7,42.11,41.43,41.59,55001
2013-08-23,41.54,41.78,41.28,41.39,87484
2013-08-26,41.4,41.6675,41.05,41.35,163294
2013-08-27,41.04,41.45,40.54,40.59,72981
2013-08-28,40.68,40.869,40.13,40.28,52516
2013-08-29,40.3,40.9999,40.3,40.53,38114
2013-08-30,40.5,40.79,40.0001,40.26,102620
2013-09-03,40.51,41.3,40.51,41.18,111661
2013-09-04,41.14,42.29,41.14,42.2,85470
2013-09-05,42.18,42.91,42.12,42.81,75146
2013-09-06,42.7,42.7,40.92,41.39,183391
2013-09-09,41.67,42.0,41.573,41.96,74192
2013-09-10,42.09,42.65,41.92,42.58,75482
2013-09-11,42.58,43.49,42.58,43.4,79837
2013-09-12,43.4,43.47,42.62,42.69,42279
2013-09-13,42.7,43.4,42.39,42.88,87761
2013-09-16,43.23,43.46,42.67,43.08,53847
2013-09-17,43.08,43.185,42.81,43.08,52115
2013-09-18,42.97,45.0,42.97,44.95,312085
2013-09-19,45.0,45.15,44.47,44.6,104318
2013-09-20,44.7,44.838,43.66,43.66,122674
2013-09-23,43.58,43.63,42.24,43.02,167824
2013-09-24,43.59,45.33,43.18,44.84,314446
2013-09-25,45.4,45.5,43.65,44.12,134853
2013-09-26,44.07,44.07,43.17,43.585,73506
2013-09-27,43.3,43.5,42.69,43.4,145724
2013-09-30,42.84,44.05,42.75,43.94,223845
2013-10-01,44.25,47.25,44.17,47.19,629668
2013-10-02,46.21,48.27,46.1,47.72,345758
2013-10-03,47.47,47.905,46.8,47.11,250477
2013-10-04,47.0,47.99,46.97,47.75,161702
2013-10-07,47.53,47.53,46.65,46.7,132421
2013-10-08,46.62,47.32,45.52,45.99,197046
2013-10-09,46.11,46.11,44.73,45.32,177896
2013-10-10,45.69,46.24,45.16,45.93,164338
2013-10-11,45.8,47.11,45.56,46.89,169696
2013-10-14,46.55,47.04,46.39,46.95,65151
2013-10-15,46.69,47.235,46.59,46.77,74884
2013-10-16,46.95,47.9,46.74,47.7,114168
2013-10-17,47.58,47.732,47.11,47.32,157532
2013-10-18,47.37,48.04,47.28,47.97,132781
2013-10-21,47.91,48.005,47.33,47.95,125368
2013-10-22,48.31,48.479,47.65,48.02,132874
2013-10-23,47.92,48.0,47.21,47.87,85582
2013-10-24,48.08,48.08,47.19,47.31,123473
2013-10-25,47.41,48.05,47.17,47.93,99776
2013-10-28,48.03,48.184,47.12,47.75,89407
2013-10-29,47.435,48.105,47.435,47.91,82993
2013-10-30,47.96,48.32,46.79,46.99,70989
2013-10-31,46.81,48.11,46.51,47.96,139818
2013-11-01,48.21,48.38,47.01,47.26,132596
2013-11-04,47.27,47.9299,46.49,47.74,153003
2013-11-05,48.33,48.33,46.88,47.54,109996
2013-11-06,47.66,47.95,46.94,47.24,72931
2013-11-07,47.34,47.53,45.81,46.59,121220
2013-11-08,47.31,47.52,46.648,46.92,116467
2013-11-11,47.05,47.32,46.21,47.19,118315
2013-11-12,47.25,50.17,47.142,49.6,314639
2013-11-13,48.31,50.855,48.31,50.69,357342
2013-11-14,49.93,51.6,49.93,50.73,228608
2013-11-15,50.92,51.26,49.98,50.36,208674
2013-11-18,50.24,51.24,49.392,49.77,175132
2013-11-19,49.57,50.5199,48.99,49.58,104930
2013-11-20,49.86,50.5,49.23,49.78,95330
2013-11-21,49.93,50.65,49.66,49.97,110838
2013-11-22,50.08,50.51,49.38,49.5,164926
2013-11-25,49.58,49.67,49.02,49.35,101041
2013-11-26,49.48,49.56,48.47,48.88,295720
2013-11-27,48.92,49.55,48.33,49.36,151450
2013-11-29,49.56,50.41,48.87,50.05,110954
2013-12-02,50.35,50.76,49.42,49.96,168062
2013-12-03,49.67,50.63,49.0,49.92,268268
2013-12-04,49.79,50.01,49.3,49.74,182785
2013-12-05,49.78,49.78,48.85,49.28,120065
2013-12-06,49.64,50.07,48.335,48.52,312596
2013-12-09,48.52,48.76,48.01,48.5,231279
2013-12-10,48.26,48.73,48.11,48.49,235902
2013-12-11,48.64,48.96,48.21,48.72,204494
2013-12-12,48.81,49.36,48.73,49.1,252004
2013-12-13,48.38,48.92,46.51,47.16,481512
2013-12-16,47.2,47.98,46.745,46.97,241163
2013-12-17,47.01,47.22,46.55,46.98,237480
2013-12-18,46.85,47.33,46.6,46.98,222509
2013-12-19,46.77,47.07,46.44,46.74,239812
2013-12-20,46.77,48.35,46.77,48.28,425676
2013-12-23,48.5,49.04,48.28,48.7,126208
2013-12-24,48.83,49.46,48.69,48.88,61753
2013-12-26,49.08,49.65,49.08,49.46,136022
2013-12-27,49.4,49.92,49.07,49.48,100432
2013-12-30,49.4,49.78,49.26,49.75,126597
2013-12-31,49.62,49.83,48.88,49.72,213023
2014-01-02,49.6,49.69,48.53,49.61,180732
2014-01-03,49.57,50.41,49.558,49.98,203957
2014-01-06,50.0,50.19,49.3,49.92,197568
2014-01-07,49.99,50.41,49.83,50.34,183186
2014-01-08,50.27,51.75,49.98,51.61,272428
2014-01-09,51.5,51.9,50.66,50.81,160353
2014-01-10,51.0,51.45,50.62,50.71,184252
2014-01-13,50.65,51.01,49.8,50.11,141057
2014-01-14,50.12,50.85,49.6,49.66,228684
2014-01-15,49.6,50.21,49.35,49.45,194409
2014-01-16,49.44,49.48,48.5,48.61,203209
2014-01-17,48.32,48.45,47.77,47.83,283340
2014-01-21,47.92,48.24,47.154,47.49,207349
2014-01-22,47.36,48.31,47.26,48.14,283477
2014-01-23,48.06,48.14,47.25,48.0,191267
2014-01-24,47.84,48.14,45.94,47.04,317484
2014-01-27,46.98,48.0,46.29,47.27,316519
2014-01-28,47.35,47.966,47.13,47.39,154843
2014-01-29,47.19,47.62,46.77,46.9,329664
2014-01-30,47.33,48.24,46.92,47.88,145787
2014-01-31,47.47,47.68,46.82,47.03,177011
2014-02-03,47.11,47.39,46.09,46.61,257908
2014-02-04,46.98,47.26,46.54,47.01,192716
2014-02-05,47.0,47.4,46.38,46.83,277391
2014-02-06,46.95,47.68,46.73,47.09,168553
2014-02-07,47.41,47.87,46.998,47.17,150172
2014-02-10,47.23,48.35,47.23,48.11,234338
2014-02-11,47.99,49.44,47.51,48.8,296984
2014-02-12,48.84,49.37,48.44,48.5,152494
2014-02-13,48.2,48.51,47.76,47.87,213779
2014-02-14,47.84,48.13,47.62,47.88,327888
2014-02-18,47.93,48.09,47.7,47.76,230019
2014-02-19,47.46,48.02,47.2,47.64,165893
2014-02-20,47.64,48.06,47.065,47.91,248586
2014-02-21,46.45,47.11,43.41,46.49,2069768
2014-02-24,47.0,50.63,46.985,50.0,735435
2014-02-25,50.0,50.379,49.07,49.52,418785
2014-02-26,49.74,50.05,48.92,49.73,395886
2014-02-27,49.67,50.13,49.316,49.85,168471
2014-02-28,49.9,50.253,49.61,49.82,350983
2014-03-03,49.8,50.37,49.44,50.03,362060
2014-03-04,50.25,50.73,49.5,49.81,385909
2014-03-05,49.91,50.0,49.5,49.84,209049
2014-03-06,49.84,50.77,49.75,50.37,298562
2014-03-07,50.75,50.8,50.35,50.55,181926
2014-03-10,50.54,51.2,50.37,51.0,272565
2014-03-11,50.91,50.98,49.84,49.96,187279
2014-03-12,49.57,50.02,49.44,49.95,146339
2014-03-13,50.03,50.09,49.465,49.7,178018
2014-03-14,49.57,50.33,49.5,50.03,591018
2014-03-17,50.43,50.81,49.67,49.98,149529
2014-03-18,50.0,50.37,49.81,50.08,195773
2014-03-19,50.12,50.32,49.39,49.67,162658
2014-03-20,49.38,50.1,49.28,49.82,108168
2014-03-21,49.91,49.99,48.89,48.95,346697
2014-03-24,49.12,49.42,47.2,47.985,322567
2014-03-25,48.09,48.71,47.34,47.51,158986
2014-03-26,47.67,48.24,47.0501,47.28,285882
2014-03-27,47.24,47.41,45.87,47.11,371537
2014-03-28,47.06,47.71,46.94,47.04,188699
2014-03-31,46.97,47.73,46.0001,47.56,236484
2014-04-01,47.71,48.23,47.32,48.22,237337
2014-04-02,48.06,48.79,47.77,48.63,246849
2014-04-03,48.64,48.98,48.324,48.82,218630
2014-04-04,48.95,49.359,47.31,47.45,192884
2014-04-07,47.4,47.4,46.26,46.59,331905
2014-04-08,46.56,47.01,46.25,46.56,246788
2014-04-09,46.6,47.795,46.3601,47.5,272276
2014-04-10,47.35,47.7325,46.26,46.56,348646
2014-04-11,46.37,46.41,45.35,45.81,244105
2014-04-14,46.2,46.79,45.81,45.96,186875
2014-04-15,46.07,46.1199,45.16,46.05,286975
2014-04-16,46.24,46.45,45.84,46.06,88171
2014-04-17,46.13,46.62,45.92,46.38,118356
2014-04-21,46.29,46.3899,45.752,46.03,88839
2014-04-22,46.17,46.63,46.004,46.36,119251
2014-04-23,46.35,47.31,45.99,47.27,185970
2014-04-24,47.55,48.02,46.22,46.45,231051
2014-04-25,46.26,46.26,44.965,45.35,182328
2014-04-28,45.32,46.49,44.56,44.91,268988
2014-04-29,44.84,44.95,44.26,44.8,203455
2014-04-30,44.82,45.01,44.33,44.96,411120
2014-05-01,44.85,46.03,44.85,45.44,164438
2014-05-02,45.4,46.43,45.24,45.96,155193
2014-05-05,45.84,46.4,45.415,46.27,154283
2014-05-06,46.05,46.51,45.85,46.04,144973
2014-05-07,46.13,46.13,45.42,45.88,179632
2014-05-08,45.74,46.545,45.73,46.18,262767
2014-05-09,46.13,47.41,45.61,47.16,281556
2014-05-12,47.5,50.32,47.5,50.09,433913
2014-05-13,50.12,50.38,49.49,50.05,271947
2014-05-14,49.64,49.78,49.0,49.46,190540
2014-05-15,49.28,49.59,48.765,49.56,217872
2014-05-16,49.74,49.77,49.12,49.7,71993
2014-05-19,49.5,50.55,49.5,50.52,173220
2014-05-20,50.27,50.46,49.64,50.32,128192
2014-05-21,50.31,50.71,50.0,50.46,118564
2014-05-22,50.47,50.9,50.24,50.86,109985
2014-05-23,50.79,50.92,50.46,50.73,101852
2014-05-27,50.95,51.59,50.64,51.27,108590
2014-05-28,50.99,51.38,50.64,51.2,118383
2014-05-29,51.41,51.51,50.85,51.05,141090
2014-05-30,51.11,51.24,50.6,51.07,187155
2014-06-02,51.3,51.74,50.83,51.45,162638
2014-06-03,51.31,51.31,50.76,51.15,112397
2014-06-04,51.09,51.66,50.67,50.8,107309
2014-06-05,50.85,51.8,50.69,51.66,92174
2014-06-06,51.64,51.75,51.34,51.51,97528
2014-06-09,51.42,52.0,51.42,51.54,122104
2014-06-10,51.37,51.95,50.94,51.75,157434
2014-06-11,51.57,52.47,51.34,52.42,174326
2014-06-12,52.5,52.91,51.63,52.08,156216
2014-06-13,52.07,52.07,51.51,52.01,109551
2014-06-16,51.82,51.94,51.48,51.82,113783
2014-06-17,51.6,52.036,51.51,51.8,162422
2014-06-18,51.88,52.52,51.82,52.45,117869
2014-06-19,52.53,52.53,52.0,52.4,108643
2014-06-20,52.29,53.06,52.29,52.81,430032
2014-06-23,52.87,53.2099,52.25,52.38,176626
2014-06-24,52.34,52.49,52.05,52.26,166811
2014-06-25,52.16,52.7,51.39,52.6,197932
2014-06-26,52.64,52.64,51.85,52.0,139773
2014-06-27,51.91,53.73,51.75,53.59,697975
2014-06-30,50.15,53.14,49.66,52.94,217349
2014-07-01,53.0,53.42,52.47,52.49,196410
2014-07-02,52.26,52.51,52.26,52.48,147304
2014-07-03,52.44,52.6,51.986,52.47,103538
2014-07-07,52.24,52.38,51.91,52.35,89684
2014-07-08,52.31,52.4,51.4,51.56,160626
2014-07-09,51.78,51.78,51.18,51.29,94315
2014-07-10,50.25,51.45,50.0,51.35,190312
2014-07-11,51.38,51.88,51.34,51.79,159008
2014-07-14,52.01,52.79,52.0,52.07,145680
2014-07-15,52.21,52.275,51.19,51.72,150814
2014-07-16,51.96,52.17,51.77,51.88,256580
2014-07-17,51.8,52.5,51.14,51.2,101041
2014-07-18,51.38,51.84,51.326,51.81,141225
2014-07-21,51.66,51.98,51.24,51.43,135537
2014-07-22,51.53,52.36,51.53,52.22,195406
2014-07-23,52.23,52.52,51.6,52.02,90681
2014-07-24,52.1,52.29,51.74,51.97,118962
2014-07-25,51.7,51.81,50.97,51.0,109223
2014-07-28,51.0,51.0,50.36,50.47,189623
2014-07-29,50.47,51.09,49.91,50.6,324292
2014-07-30,50.94,51.67,50.55,51.47,149904
2014-07-31,51.17,51.21,50.52,50.7,142253
2014-08-01,50.58,50.73,49.74,50.1,141976
2014-08-04,50.16,50.86,50.0575,50.72,95176
2014-08-05,50.5,51.18,50.31,50.44,90917
2014-08-06,50.33,51.04,50.33,50.6,180304
2014-08-07,51.83,51.83,48.61,49.18,173683
2014-08-08,49.46,49.46,48.14,48.98,153602
2014-08-11,49.33,49.75,49.1,49.51,145446
2014-08-12,49.3,49.53,49.05,49.41,93689
2014-08-13,49.73,49.74,48.63,48.84,148382
2014-08-14,48.76,49.18,48.39,48.61,288913
2014-08-15,48.88,49.15,47.96,48.35,223057
2014-08-18,48.37,49.11,48.256,48.98,168479
2014-08-19,48.93,49.46,48.802,48.95,166501
2014-08-20,48.86,49.745,48.86,49.3,171496
2014-08-21,49.33,49.82,49.14,49.58,176087
2014-08-22,49.55,49.76,49.31,49.63,104009
2014-08-25,50.02,50.22,49.43,49.46,113816
2014-08-26,49.43,50.288,49.43,49.71,104520
2014-08-27,49.8,49.8,49.36,49.5,100877
2014-08-28,49.26,49.82,49.011,49.82,103870
2014-08-29,49.95,50.63,49.84,50.43,126154
2014-09-02,50.72,51.4016,50.61,50.79,254141
2014-09-03,50.99,51.14,50.89,51.06,104568
2014-09-04,51.28,51.59,50.37,50.76,88753
2014-09-05,50.88,51.65,50.05,51.12,67080
2014-09-08,51.04,51.49,50.91,51.14,102692
2014-09-09,51.0,51.41,50.77,51.04,92176
2014-09-10,51.04,51.33,51.0,51.25,78785
2014-09-11,51.1,51.61,51.03,51.51,83671
2014-09-12,51.39,51.56,51.0,51.18,122915
2014-09-15,50.99,51.31,50.85,51.15,130685
2014-09-16,51.13,51.17,50.582,50.9,110397
2014-09-17,50.85,51.2899,50.76,51.13,138842
2014-09-18,51.12,51.36,50.82,51.27,221503
2014-09-19,51.32,51.4,50.9,51.09,377170
2014-09-22,50.99,51.0,50.236,50.42,126658
2014-09-23,50.33,50.63,50.1,50.11,127424
2014-09-24,50.08,50.47,49.59,49.78,96787
2014-09-25,49.53,49.6,48.71,49.15,160639
2014-09-26,49.15,49.38,48.81,49.24,89204
2014-09-29,48.8,49.53,48.56,48.93,111827
2014-09-30,48.87,48.92,48.1,48.76,131209
2014-10-01,48.49,48.49,46.57,46.85,264153
2014-10-02,46.69,47.19,46.06,46.69,130403
2014-10-03,46.82,47.06,46.57,46.91,133512
2014-10-06,46.98,47.17,46.3,46.8,95897
2014-10-07,46.39,46.76,45.73,45.78,78485
2014-10-08,45.66,45.76,44.81,45.6,130417
2014-10-09,45.45,45.78,44.56,45.15,184365
2014-10-10,45.04,45.1,44.01,44.32,166823
2014-10-13,44.44,44.784,43.59,43.88,228942
2014-10-14,43.99,44.58,43.65,44.05,191900
2014-10-15,43.62,44.26,43.0,44.17,215373
2014-10-16,43.57,45.0,43.57,44.5,120588
2014-10-17,43.96,45.06,43.72,44.67,150444
2014-10-20,44.72,45.15,44.385,45.04,169794
2014-10-21,45.25,46.2,44.94,46.03,111474
2014-10-22,46.18,46.72,45.43,45.48,115311
2014-10-23,45.88,46.67,45.88,46.1,99430
2014-10-24,46.25,46.57,45.7,46.32,79316
2014-10-27,46.27,46.57,45.96,46.33,49334
2014-10-28,46.57,46.78,46.28,46.67,103479
2014-10-29,46.77,46.89,46.245,46.6,75102
2014-10-30,46.55,46.93,46.22,46.61,75140
2014-10-31,47.27,47.32,46.48,46.73,175329
2014-11-03,46.69,47.2099,46.67,47.12,200472
2014-11-04,46.98,47.23,45.54,45.72,271416
2014-11-05,46.0,46.68,45.55,45.86,253723
2014-11-06,46.09,49.49,46.09,48.54,306093
2014-11-07,48.69,49.9699,48.01,49.87,336187
2014-11-10,49.71,49.71,48.72,48.78,236307
2014-11-11,48.61,49.46,48.317,48.76,148974
2014-11-12,48.78,49.26,48.71,48.93,116943
2014-11-13,49.3,50.33,48.94,50.15,228181
2014-11-14,50.35,50.72,49.95,50.6,167651
2014-11-17,49.87,50.82,49.87,50.2,126766
2014-11-18,49.5,50.45,49.5,50.09,135393
2014-11-19,50.16,50.6,49.65,50.23,180683
2014-11-20,49.93,52.44,49.9,52.16,301262
2014-11-21,52.5,52.89,52.05,52.615,248451
2014-11-24,52.84,53.23,52.62,53.04,200853
2014-11-25,53.0,53.2,52.37,52.74,176994
2014-11-26,52.86,53.71,52.57,53.46,129855
2014-11-28,53.44,54.18,53.128,53.88,95651
2014-12-01,53.48,53.89,53.11,53.27,236285
2014-12-02,53.19,53.38,52.38,52.73,163717
2014-12-03,52.91,52.91,52.235,52.34,169809
2014-12-04,52.21,52.62,51.36,52.4,216343
2014-12-05,52.36,53.0,52.32,52.9,255145
2014-12-08,52.79,53.31,52.42,52.62,202259
2014-12-09,52.05,52.56,51.455,52.09,145986
2014-12-10,52.1,52.345,50.81,50.97,126332
2014-12-11,51.28,52.02,50.72,50.78,82751
2014-12-12,50.38,50.76,50.01,50.23,93687
2014-12-15,50.55,51.1099,48.75,49.73,188433
2014-12-16,49.46,50.33,49.01,49.12,132340
2014-12-17,49.11,50.41,48.78,50.07,130151
2014-12-18,50.7,51.03,50.37,50.78,109778
2014-12-19,50.93,51.25,50.44,51.0,186384
2014-12-22,51.11,51.5999,50.66,51.03,95993
2014-12-23,51.86,52.17,50.67,51.7,147523
2014-12-24,51.7,52.84,51.55,52.04,83520
2014-12-26,52.18,52.43,51.93,52.0,53703
2014-12-29,52.01,53.1,51.63,52.55,152565
2014-12-30,52.32,52.62,51.77,52.4,116943
2014-12-31,52.43,52.66,51.77,52.5,148383
2015-01-02,52.53,52.707,51.44,52.08,148257
2015-01-05,51.51,51.76,49.96,50.12,283349
2015-01-06,50.0,50.64,49.64,49.94,481272
2015-01-07,50.25,50.44,48.95,49.36,140924
2015-01-08,49.87,51.45,49.765,51.33,240314
2015-01-09,51.37,52.5,50.975,51.79,225629
2015-01-12,51.65,52.11,50.94,51.39,141461
2015-01-13,51.61,52.58,51.39,51.675,110955
2015-01-14,51.08,51.63,50.54,51.34,101254
2015-01-15,51.44,51.58,50.19,50.6,124054
2015-01-16,50.46,51.14,50.05,51.04,118278
2015-01-20,51.07,51.74,50.94,51.2,124369
2015-01-21,51.08,51.71,51.07,51.58,102262
2015-01-22,51.71,52.87,51.65,52.53,164152
2015-01-23,52.5,52.85,52.26,52.37,165264
2015-01-26,52.23,52.89,51.83,52.85,120540
2015-01-27,52.09,52.92,51.835,52.5,111721
2015-01-28,52.81,53.0999,52.22,52.28,131068
2015-01-29,52.4,53.0,51.85,52.94,136050
2015-01-30,52.59,53.07,52.01,52.17,177741
2015-02-02,52.4,52.76,51.385,52.14,134688
2015-02-03,52.38,53.411,52.21,53.37,97170
2015-02-04,53.3,53.45,52.72,52.85,189260
2015-02-05,52.92,53.74,52.72,53.69,134288
2015-02-06,53.71,53.72,53.0,53.41,78177
2015-02-09,53.28,53.65,52.95,53.58,51708
2015-02-10,53.85,53.85,53.31,53.71,103338
2015-02-11,53.64,53.94,53.58,53.75,54756
2015-02-12,53.8,54.95,53.8,54.49,122828
2015-02-13,54.7,55.48,54.505,55.08,181555
2015-02-17,55.08,55.145,54.04,54.98,74111
2015-02-18,54.96,55.35,54.486,55.24,154165
2015-02-19,55.21,55.41,53.62,54.37,175964
2015-02-20,56.0,56.0,54.38,55.31,180794
2015-02-23,55.37,55.37,54.64,54.9,182629
2015-02-24,54.8,55.21,54.28,54.53,209724
2015-02-25,54.42,54.94,54.0311,54.28,71447
2015-02-26,54.09,54.32,53.76,53.95,77727
2015-02-27,53.75,54.4,53.22,54.35,183352
2015-03-02,54.2,54.8,54.0,54.71,118502
2015-03-03,54.63,55.49,54.406,54.98,169007
2015-03-04,55.06,55.22,53.3,53.43,99056
2015-03-05,53.57,53.59,53.06,53.55,67218
2015-03-06,53.35,53.77,53.1949,53.67,94465
2015-03-09,53.71,53.745,52.9,52.96,62374
2015-03-10,52.43,52.43,50.74,50.74,174234
2015-03-11,50.74,51.72,50.05,51.71,197438
2015-03-12,52.03,52.21,51.175,52.09,84416
2015-03-13,52.09,52.09,50.85,51.15,66004
2015-03-16,51.18,51.69,51.06,51.49,68781
2015-03-17,51.28,51.28,50.57,50.99,193182
2015-03-18,50.78,51.295,50.48,51.02,127485
2015-03-19,50.84,51.16,50.41,51.01,138040
2015-03-20,51.32,52.06,51.1,51.9,168897
2015-03-23,51.84,52.46,51.41,51.77,139964
2015-03-24,51.81,51.99,51.45,51.61,93502
2015-03-25,51.74,51.845,50.88,50.97,121430
2015-03-26,50.82,51.26,50.14,50.77,129762
2015-03-27,50.59,51.35,50.59,51.21,93740
2015-03-30,51.33,52.05,51.33,51.88,72528
2015-03-31,51.59,52.11,51.045,51.72,138403
2015-04-01,51.9,52.2,51.0,51.77,131494
2015-04-02,51.44,51.59,50.81,51.3,180993
2015-04-06,50.88,51.97,50.3,51.29,86968
2015-04-07,51.3,51.49,50.95,51.1,110097
2015-04-08,51.05,51.42,50.82,51.24,78195
2015-04-09,51.25,52.7497,51.25,52.7,122873
2015-04-10,52.75,52.85,51.82,51.86,69815
2015-04-13,52.02,52.23,51.4495,51.49,57859
2015-04-14,51.58,51.85,51.11,51.48,54755
2015-04-15,51.61,51.86,51.285,51.86,82971
2015-04-16,51.61,52.43,51.4,52.39,76577
2015-04-17,51.85,52.1,50.96,51.04,57600
2015-04-20,51.43,51.6,50.89,51.49,77667
2015-04-21,51.78,51.92,51.08,51.22,62301
2015-04-22,51.44,51.51,50.71,50.97,52016
2015-04-23,50.88,51.74,50.73,51.36,105126
2015-04-24,51.49,51.67,50.9,51.47,65598
2015-04-27,51.4,51.59,50.65,50.98,64393
2015-04-28,50.85,52.01,50.6559,51.56,189316
2015-04-29,51.52,52.03,50.814,51.19,87866
2015-04-30,51.11,51.13,49.36,50.0,139245
2015-05-01,50.62,50.62,49.65,50.25,87287
2015-05-04,50.1758,50.67,49.88,50.44,59507
2015-05-05,50.38,51.93,49.94,50.5,143754
2015-05-06,50.55,50.72,49.76,50.44,149753
2015-05-07,49.94,49.982,48.01,49.03,291509
2015-05-08,49.19,49.29,48.47,48.74,99943
2015-05-11,48.54,49.44,48.28,49.27,141502
2015-05-12,49.0,49.67,48.6101,49.49,181268
2015-05-13,49.55,49.9699,49.03,49.13,69620
2015-05-14,49.35,49.49,48.8901,49.21,59536
2015-05-15,49.21,49.5599,48.65,49.13,73013
2015-05-18,49.0,49.9,49.0,49.8,77503
2015-05-19,49.48,49.85,49.19,49.29,68299
2015-05-20,49.23,49.82,49.03,49.66,89901
2015-05-21,49.52,49.74,49.23,49.49,72045
2015-05-22,49.49,50.1,49.29,49.9,118649
2015-05-26,49.83,49.83,48.86,49.02,101780
2015-05-27,49.01,49.72,48.83,49.39,97153
2015-05-28,49.26,50.13,49.26,50.02,133731
2015-05-29,49.91,50.505,49.8401,50.1,112627
2015-06-01,50.0,51.09,49.9,51.01,159145
2015-06-02,50.74,51.3,50.54,51.01,132630
2015-06-03,51.08,51.33,50.71,51.02,80161
2015-06-04,50.85,51.34,50.24,51.27,133579
2015-06-05,51.19,51.47,50.65,51.47,105910
2015-06-08,51.2,51.47,50.86,51.08,203091
2015-06-09,50.78,51.335,50.36,51.18,110037
2015-06-10,51.43,51.8999,51.26,51.53,105945
2015-06-11,51.57,51.58,50.82,51.0,234048
2015-06-12,50.9,51.19,50.72,51.18,94410
2015-06-15,50.73,50.73,49.63,50.26,172552
2015-06-16,50.06,50.395,49.69,49.89,125809
2015-06-17,50.0,50.31,49.555,49.81,73537
2015-06-18,49.88,50.95,49.88,50.86,303530
2015-06-19,51.06,51.24,50.47,50.64,167060
2015-06-22,50.69,50.7,50.325,50.42,169760
2015-06-23,50.48,50.68,50.38,50.6,124220
2015-06-24,50.51,50.66,49.585,49.82,97260
2015-06-25,49.82,50.09,49.64,49.81,102747
2015-06-26,49.73,50.08,49.1,49.2,731905
2015-06-29,48.37,48.73,47.8,47.95,154835
2015-06-30,47.8,48.92,47.8,48.68,296935
2015-07-01,48.98,49.54,48.58,49.29,197363
2015-07-02,49.08,49.25,47.57,47.86,224574
2015-07-06,47.03,48.31,46.168,48.17,186260
2015-07-07,48.39,48.39,46.34,48.02,170170
2015-07-08,47.84,48.218,46.6801,47.14,129557
2015-07-09,47.57,48.0,46.78,46.93,118130
2015-07-10,47.33,47.52,46.71,47.13,122827
2015-07-13,47.25,48.4,47.25,48.16,126647
2015-07-14,47.99,48.11,47.64,47.86,75623
2015-07-15,48.0,48.0,47.47,47.86,105377
2015-07-16,48.0,48.45,47.915,48.28,103703
2015-07-17,48.36,48.41,47.74,47.96,189987
2015-07-20,48.02,48.02,47.06,47.55,166366
2015-07-21,47.55,47.65,46.81,47.09,69870
2015-07-22,46.98,47.14,46.34,46.49,81908
2015-07-23,46.56,46.82,46.31,46.54,84431
2015-07-24,46.69,46.88,45.89,46.39,104526
2015-07-27,46.25,46.35,45.53,45.74,79358
2015-07-28,45.56,46.02,45.15,45.92,122699
2015-07-29,45.94,46.47,45.72,46.36,88988
2015-07-30,46.27,46.65,46.17,46.49,141275
2015-07-31,46.54,46.865,46.14,46.42,116601
2015-08-03,46.32,46.98,46.2,46.63,117859
2015-08-04,46.74,47.22,46.43,46.99,158043
2015-08-05,46.98,47.65,46.86,47.17,141744
2015-08-06,46.69,47.55,45.96,47.04,115804
2015-08-07,46.8,47.09,45.84,46.43,133150
2015-08-10,46.66,47.27,46.16,47.17,99164
2015-08-11,46.27,47.155,45.85,46.71,152769
2015-08-12,46.21,47.14,45.9922,46.47,117069
2015-08-13,46.6,46.82,45.79,46.0,70502
2015-08-14,45.92,46.71,45.92,46.43,84263
2015-08-17,46.4,46.96,45.8901,46.75,84928
2015-08-18,46.45,46.95,45.78,46.55,108438
2015-08-19,46.19,46.6,45.56,46.43,142292
2015-08-20,45.82,46.1,45.13,45.42,134746
2015-08-21,45.06,45.16,43.39,43.81,246358
2015-08-24,41.13,43.15,40.02,42.0,274989
2015-08-25,43.2,43.2,41.88,42.02,243057
2015-08-26,42.94,43.47,42.09,43.37,166009
2015-08-27,43.84,45.08,43.47,44.62,118566
2015-08-28,44.54,45.09,44.3,44.59,97083
2015-08-31,44.24,45.14,43.99,44.6,193586
2015-09-01,43.8,44.6,43.31,43.42,160346
2015-09-02,43.9,44.09,43.09,44.06,149408
2015-09-03,44.23,44.6,44.08,44.32,100091
2015-09-04,43.93,43.94,43.13,43.2,196144
2015-09-08,43.93,44.27,43.68,44.16,89748
2015-09-09,44.56,44.615,43.53,43.76,146180
2015-09-10,43.45,44.1,43.43,43.64,83605
2015-09-11,43.4,43.75,42.9,43.64,88395
2015-09-14,43.61,43.73,43.26,43.58,132018
2015-09-15,43.61,44.11,43.58,44.08,67468
2015-09-16,44.01,44.6,44.01,44.41,49032
2015-09-17,44.32,44.93,44.32,44.55,69092
2015-09-18,44.05,44.49,44.015,44.24,175261
2015-09-21,44.51,44.64,43.9,44.09,85872
2015-09-22,43.54,43.96,43.17,43.52,111441
2015-09-23,43.64,43.72,42.83,43.46,122893
2015-09-24,43.07,43.22,42.57,43.1,67778
2015-09-25,43.4,43.4,42.675,43.05,68054
2015-09-28,42.85,42.85,41.75,42.2,103731
2015-09-29,42.17,42.5,41.38,41.93,127768
2015-09-30,42.26,43.14,41.98,43.03,178680
2015-10-01,43.04,43.89,42.83,43.83,246153
2015-10-02,43.14,43.14,40.8201,42.87,236796
2015-10-05,43.11,44.0,43.06,43.79,162598
2015-10-06,43.78,44.71,43.6,44.52,93406
2015-10-07,44.66,45.2,44.22,44.96,119971
2015-10-08,44.94,45.5,44.8,45.34,106470
2015-10-09,45.46,45.77,45.0,45.49,101942
2015-10-12,45.54,45.62,45.03,45.13,98169
2015-10-13,44.95,45.7,44.8,45.1,109596
2015-10-14,45.11,45.11,43.92,44.13,163612
2015-10-15,44.29,44.977,43.97,44.84,85148
2015-10-16,44.92,44.99,44.42,44.97,91873
2015-10-19,44.68,45.24,42.53,45.11,97862
2015-10-20,45.27,45.3225,44.844,45.09,70903
2015-10-21,45.17,45.3461,44.175,44.37,59824
2015-10-22,44.57,45.07,44.57,44.89,104394
2015-10-23,45.0,45.285,44.604,45.13,68319
2015-10-26,45.11,45.77,44.905,45.35,75367
2015-10-27,45.26,45.26,44.46,44.8,49737
2015-10-28,44.97,45.87,44.93,45.82,74160
2015-10-29,45.69,45.95,45.01,45.13,108708
2015-10-30,45.12,45.59,44.63,44.83,110955
2015-11-02,44.95,45.72,44.86,45.65,151218
2015-11-03,45.66,46.67,45.435,46.39,92863
2015-11-04,46.43,46.88,45.93,46.11,69905
2015-11-05,46.15,46.21,45.23,45.89,81292
2015-11-06,44.85,45.65,44.09,45.3,122771
2015-11-09,45.03,45.07,42.24,42.69,213221
2015-11-10,42.74,42.89,41.7,42.11,112599
2015-11-11,42.02,42.6,41.51,41.56,102562
2015-11-12,41.32,41.8999,40.36,40.43,95861
2015-11-13,40.27,40.35,39.61,39.73,81822
2015-11-16,39.8,40.85,38.29,40.53,90771
2015-11-17,40.5,40.7,39.25,39.85,75639
2015-11-18,40.06,40.47,39.7499,40.37,63821
2015-11-19,40.47,40.5,39.4,39.48,93578
2015-11-20,39.54,39.86,39.41,39.42,115324
2015-11-23,39.36,39.8199,38.84,38.87,93758
2015-11-24,38.6,38.8999,37.0,38.74,102318
2015-11-25,38.73,39.29,38.6683,38.94,65240
2015-11-27,39.0,39.28,38.56,39.21,91963
2015-11-30,39.24,39.49,38.98,39.11,71707
2015-12-01,39.19,39.41,37.81,37.96,238538
2015-12-02,38.22,39.08,37.1401,38.45,119943
2015-12-03,38.49,39.08,38.04,38.2,75475
2015-12-04,38.25,38.71,38.03,38.44,69055
2015-12-07,38.26,38.51,37.85,38.49,136057
2015-12-08,38.15,38.35,37.42,37.84,98950
2015-12-09,37.8,38.53,37.22,37.62,67884
2015-12-10,37.6,38.62,37.32,38.04,192583
2015-12-11,37.67,38.0,37.06,37.2,102482
2015-12-14,37.25,37.67,36.36,36.63,142428
2015-12-15,36.72,37.47,36.72,37.01,83186
2015-12-16,37.19,37.9736,37.19,37.65,78587
2015-12-17,37.8,37.91,36.87,36.88,128820
2015-12-18,36.61,37.11,36.38,36.86,279642
2015-12-21,36.93,37.23,36.59,36.98,111593
2015-12-22,37.21,37.6,37.14,37.38,107662
2015-12-23,37.5,38.83,37.5,38.33,136821
2015-12-24,38.39,39.21,38.39,38.6,57578
2015-12-28,38.34,38.64,37.58,38.13,129084
2015-12-29,38.25,38.84,37.94,38.57,71555
2015-12-30,38.5,38.68,38.1,38.37,105631
2015-12-31,38.14,40.05,37.65,39.11,391366
2016-01-04,38.6,39.47,37.9899,38.83,171448
2016-01-05,38.63,38.79,37.22,37.95,231505
2016-01-06,37.34,38.2,36.5101,37.16,213143
2016-01-07,36.5,37.03,35.06,35.89,174427
2016-01-08,35.99,36.4,35.05,35.21,197884
2016-01-11,35.3,35.84,34.86,35.34,211277
2016-01-12,35.55,36.0,34.81,35.43,146805
2016-01-13,35.54,35.74,34.415,34.77,187880
2016-01-14,34.99,35.51,34.565,35.04,96031
2016-01-15,34.82,35.13,33.5,34.39,164966
2016-01-19,34.8,34.94,33.2,33.58,143216
2016-01-20,33.17,34.08,32.12,33.76,156944
2016-01-21,33.79,34.23,33.53,33.92,131831
2016-01-22,34.4,34.74,33.92,34.27,114846
2016-01-25,34.19,34.3789,33.71,33.79,97816
2016-01-26,33.98,34.99,30.86,34.64,74726
2016-01-27,34.55,34.945,33.83,34.07,53700
2016-01-28,34.16,34.39,33.3001,33.4,87521
2016-01-29,33.51,35.15,33.51,35.13,163145
2016-02-01,34.77,35.28,34.01,35.15,95312
2016-02-02,34.86,35.72,34.02,34.8,286307
2016-02-03,35.14,35.6,34.515,35.47,181328
2016-02-04,35.4,36.38,35.4,36.06,109351
2016-02-05,35.95,35.98,33.04,35.4,98998
2016-02-08,34.99,36.13,33.35,34.35,284480
2016-02-09,34.02,34.55,33.17,33.5,94273
2016-02-10,33.81,34.31,33.32,33.57,76338
2016-02-11,33.05,33.565,32.1301,33.39,79680
2016-02-12,33.75,35.035,33.36,34.78,77113
2016-02-16,35.19,36.14,34.81,36.07,96879
2016-02-17,36.41,36.66,36.13,36.59,121875
2016-02-18,36.61,36.61,35.98,36.45,111748
2016-02-19,36.35,36.97,35.96,36.81,105943
2016-02-22,37.06,37.565,36.5,37.25,105317
2016-02-23,37.12,38.19,36.76,38.02,179741
2016-02-24,38.41,43.1,37.78,42.64,546691
2016-02-25,42.58,44.93,42.468,44.7,366961
2016-02-26,44.69,45.48,44.07,44.78,212396
2016-02-29,44.78,45.54,44.3301,44.7,252519
2016-03-01,44.74,45.61,44.3646,44.76,183388
2016-03-02,44.8,45.09,44.31,44.83,151749
2016-03-03,44.85,45.58,44.268,45.37,170067
2016-03-04,45.25,45.96,44.69,45.18,114378
2016-03-07,45.02,46.27,44.8701,45.89,114204
2016-03-08,45.41,45.88,44.92,45.21,134565
2016-03-09,45.39,45.7104,44.89,45.08,118451
2016-03-10,45.06,46.0,44.96,45.35,158481
2016-03-11,45.73,45.98,45.26,45.76,85318
2016-03-14,45.52,45.93,45.21,45.24,137884
2016-03-15,44.95,45.2227,44.42,44.48,151415
2016-03-16,44.49,45.38,42.78,44.42,296254
2016-03-17,44.36,45.29,44.3,45.0,300420
2016-03-18,45.25,45.39,44.78,45.03,292735
2016-03-21,44.97,45.36,44.625,44.94,198343
2016-03-22,44.64,44.9,44.37,44.41,128881
2016-03-23,44.29,44.32,43.31,43.32,138498
2016-03-24,42.96,44.01,42.5,43.94,106974
2016-03-28,43.96,44.25,43.51,43.86,86218
2016-03-29,43.57,44.545,43.1301,44.15,123418
2016-03-30,44.19,44.87,44.19,44.43,135989
2016-03-31,44.31,44.62,43.85,44.29,129507
2016-04-01,44.34,44.51,43.64,43.94,124927
2016-04-04,43.62,43.85,43.0,43.21,172253
2016-04-05,43.05,43.05,42.12,42.54,160726
2016-04-06,42.31,42.42,41.41,42.0,180044
2016-04-07,41.84,41.9995,40.44,40.76,213685
2016-04-08,41.19,41.88,40.5,40.65,120396
2016-04-11,40.75,41.23,40.32,40.33,74706
2016-04-12,40.39,40.83,39.623,40.41,82383
2016-04-13,40.64,41.23,40.6,41.18,120788
2016-04-14,41.11,41.38,40.53,40.73,134595
2016-04-15,40.66,41.955,40.23,40.54,102514
2016-04-18,40.29,40.86,40.145,40.48,119488
2016-04-19,40.64,40.94,40.01,40.88,84909
2016-04-20,40.79,41.21,40.59,40.85,81432
2016-04-21,40.95,41.11,40.75,41.1,132618
2016-04-22,41.15,41.34,40.72,41.08,122323
2016-04-25,41.08,41.2,40.5301,41.19,103585
2016-04-26,41.16,41.935,40.68,41.71,84164
2016-04-27,41.7,42.27,41.63,42.11,133209
2016-04-28,41.88,42.495,41.81,42.14,102183
2016-04-29,42.17,42.17,40.83,40.92,227600
2016-05-02,41.0,41.51,40.81,41.48,119526
2016-05-03,41.2,42.2599,40.41,40.89,88601
2016-05-04,40.54,40.86,39.91,40.44,132362
2016-05-05,40.67,40.69,37.576,38.56,537755
2016-05-06,38.52,39.88,38.362,39.78,182980
2016-05-09,39.78,40.15,39.5,39.58,115027
2016-05-10,41.51,42.0,40.15,41.09,235894
2016-05-11,41.32,42.09,39.55,41.75,254860
2016-05-12,42.01,42.14,40.92,41.1,230122
2016-05-13,41.08,41.315,40.28,40.4,272664
2016-05-16,40.54,41.07,39.96,40.52,156209
2016-05-17,40.42,41.5899,39.57,39.73,150902
2016-05-18,39.66,40.01,39.4201,39.63,145577
2016-05-19,39.46,40.14,39.03,39.22,128445
2016-05-20,39.38,40.04,39.38,39.95,114083
2016-05-23,39.83,40.32,39.5201,39.92,111415
2016-05-24,40.21,40.76,40.18,40.39,114382
2016-05-25,40.53,40.83,40.0501,40.53,95878
2016-05-26,40.63,40.73,39.645,40.24,97182
2016-05-27,40.23,40.57,40.06,40.23,76856
2016-05-31,40.37,40.46,39.76,40.04,119894
2016-06-01,40.23,40.34,39.4857,40.13,174051
2016-06-02,40.0,40.98,39.97,40.95,157308
2016-06-03,41.01,41.01,40.06,40.78,153472
2016-06-06,40.92,41.35,40.61,40.97,114718
2016-06-07,41.01,41.23,40.82,41.09,129233
2016-06-08,40.93,41.8,40.85,41.76,325511
2016-06-09,41.62,41.65,40.53,40.57,168062
2016-06-10,40.32,40.32,39.1001,39.18,131000
2016-06-13,39.02,41.45,38.55,38.58,126284
2016-06-14,38.54,38.92,38.05,38.37,122263
2016-06-15,38.72,39.2299,38.5,39.07,166680
2016-06-16,39.03,39.16,38.4,39.05,212334
2016-06-17,39.05,39.41,38.41,38.64,162234
2016-06-20,39.16,41.35,38.66,39.36,242168
2016-06-21,39.57,39.57,38.66,39.09,156545
2016-06-22,39.24,39.66,38.71,39.11,250321
2016-06-23,39.44,40.13,39.23,39.89,134463
2016-06-24,38.41,39.08,37.95,38.39,394851
2016-06-27,38.07,38.07,36.9,37.25,236098
2016-06-28,37.65,37.99,37.36,37.86,140993
2016-06-29,38.3,39.04,38.0,38.99,160025
2016-06-30,38.95,39.7,38.6,39.7,231744
2016-07-01,39.75,40.36,39.54,39.69,119153
2016-07-05,38.94,39.0538,36.4431,37.52,238952
2016-07-06,37.39,38.71,36.4332,38.69,203676
2016-07-07,38.63,39.15,38.43,38.69,147841
2016-07-08,39.04,39.34,38.76,38.98,216332
2016-07-11,39.26,39.4925,38.6,39.33,101777
2016-07-12,39.45,39.69,39.07,39.62,137341
2016-07-13,39.77,39.89,39.15,39.28,92337
2016-07-14,39.56,39.56,38.75,39.2,97724
2016-07-15,39.2,39.22,38.8,39.13,89989
2016-07-18,38.98,39.41,38.98,39.18,160693
2016-07-19,39.14,39.169,38.71,38.75,108713
2016-07-20,38.84,39.08,38.615,38.99,88031
2016-07-21,39.08,39.08,38.66,38.89,111925
2016-07-22,38.94,39.26,38.82,39.2,85597
2016-07-25,39.13,39.36,38.93,38.94,76814
2016-07-26,38.98,38.98,38.33,38.6,176593
2016-07-27,38.8,38.8,38.33,38.77,130210
2016-07-28,38.76,38.879,38.0,38.25,120899
2016-07-29,38.11,38.97,38.061,38.95,237606
2016-08-01,38.76,38.88,38.2,38.34,128168
2016-08-02,38.39,38.64,37.41,37.46,161284
2016-08-03,37.41,37.94,37.35,37.93,107354
2016-08-04,38.02,38.31,37.6,37.95,73033
2016-08-05,38.1,38.388,37.75,38.21,203775
2016-08-08,38.14,39.19,38.1,38.63,186093
2016-08-09,40.34,41.0,38.74,39.23,221776
2016-08-10,39.18,39.21,38.12,38.19,197518
2016-08-11,38.45,38.45,37.03,37.19,166639
2016-08-12,37.02,37.1699,36.5901,36.91,160138
2016-08-15,37.06,38.56,37.06,38.53,200729
2016-08-16,38.34,38.78,37.85,38.49,121335
2016-08-17,38.49,38.69,38.0159,38.21,134444
2016-08-18,38.36,38.7,37.75,38.55,172468
2016-08-19,38.56,38.74,38.3601,38.56,126221
2016-08-22,38.53,38.65,37.3,38.26,81824
2016-08-23,38.34,38.75,38.31,38.56,98204
2016-08-24,38.59,38.8399,38.49,38.68,106746
2016-08-25,38.51,39.16,38.5,38.77,161396
2016-08-26,38.95,38.95,38.08,38.3,108255
2016-08-29,38.47,38.8,38.47,38.67,107099
2016-08-30,38.78,39.134,38.47,38.93,137766
2016-08-31,39.0,39.36,38.52,38.76,216172
2016-09-01,39.13,39.83,38.7,39.16,253152
2016-09-02,39.47,39.67,39.2001,39.47,137006
2016-09-06,39.52,39.84,38.93,39.06,234210
2016-09-07,39.03,39.58,38.65,39.31,274038
2016-09-08,39.27,39.7399,39.14,39.38,158165
2016-09-09,39.19,39.44,38.6,38.69,227837
2016-09-12,38.63,39.38,38.295,39.3,150603
2016-09-13,39.0,39.24,38.67,39.16,198015
2016-09-14,39.12,39.25,38.33,38.41,166183
2016-09-15,38.43,38.71,38.18,38.55,184659
2016-09-16,38.27,38.99,38.2,38.6,675477
2016-09-19,38.52,39.92,38.52,39.86,175349
2016-09-20,39.89,40.39,39.58,39.67,154021
2016-09-21,39.8,40.5,39.65,40.11,157925
2016-09-22,40.41,41.08,40.27,41.05,191060
2016-09-23,41.11,41.49,40.85,41.07,224148
2016-09-26,41.04,41.53,40.65,41.23,264525
2016-09-27,41.25,41.7,41.24,41.52,269581
2016-09-28,41.73,42.28,40.8601,42.12,192205
2016-09-29,42.11,42.82,42.07,42.5,223439
2016-09-30,42.6,43.88,42.5,43.83,334843
2016-10-03,43.83,43.86,42.945,43.6,264029
2016-10-04,43.31,43.93,42.3945,43.83,307126
2016-10-05,43.84,45.05,42.482,44.77,187132
2016-10-06,45.24,47.48,45.0301,47.41,644735
2016-10-07,47.31,47.37,46.51,46.96,278110
2016-10-10,47.39,47.54,46.7229,47.29,171571
2016-10-11,47.34,47.34,46.49,46.62,184044
2016-10-12,46.43,46.69,45.37,45.55,215076
2016-10-13,45.17,45.87,44.81,45.56,110295
2016-10-14,45.71,46.372,45.29,45.79,144384
2016-10-17,45.58,46.05,45.38,45.89,202177
2016-10-18,46.49,46.49,45.84,45.84,109723
2016-10-19,45.91,46.13,44.9504,46.02,129413
2016-10-20,45.96,46.14,45.8,46.02,74115
2016-10-21,45.9,46.75,45.51,46.62,194238
2016-10-24,46.81,46.84,46.23,46.73,113102
2016-10-25,46.65,46.93,46.36,46.4,126200
2016-10-26,46.11,46.75,46.11,46.7,114927
2016-10-27,46.77,46.96,46.14,46.38,118485
2016-10-28,46.35,46.855,46.12,46.43,113361
2016-10-31,46.68,46.96,46.18,46.74,177991
2016-11-01,46.98,46.98,45.64,45.85,155214
2016-11-02,45.89,45.89,45.09,45.27,131103
2016-11-03,45.2,45.62,45.14,45.27,84302
2016-11-04,45.47,46.01,45.16,45.38,184216
2016-11-07,45.78,46.6,44.0101,46.05,200649
2016-11-08,46.5,47.24,44.49,46.83,300076
2016-11-09,46.46,48.26,45.19,48.21,163168
2016-11-10,48.71,49.83,48.2401,49.48,288696
2016-11-11,49.34,50.3,48.19,50.19,204251
2016-11-14,50.5,50.7,49.94,50.39,207176
2016-11-15,50.43,50.77,50.05,50.15,202845
2016-11-16,50.03,50.25,49.85,49.91,166648
2016-11-17,50.0,50.1261,49.73,49.85,109175
2016-11-18,50.0,50.165,49.79,49.94,133986
2016-11-21,50.1,50.35,49.82,50.3,124860
2016-11-22,50.28,50.48,49.83,50.36,109891
2016-11-23,50.16,50.52,49.94,50.43,122727
2016-11-25,50.64,50.85,49.92,50.76,59695
2016-11-28,50.5,51.14,50.27,50.3,95343
2016-11-29,50.45,50.63,50.17,50.25,76223
2016-11-30,50.63,51.35,50.05,51.0,277316
2016-12-01,51.28,52.54,50.76,51.81,239458
2016-12-02,51.62,51.89,50.75,50.79,190466
2016-12-05,51.03,52.04,50.55,51.65,131609
2016-12-06,51.79,52.21,51.485,52.0,78535
2016-12-07,52.15,52.6761,52.05,52.64,96509
2016-12-08,52.5,53.43,52.34,53.35,103664
2016-12-09,53.69,53.79,52.13,52.92,111654
2016-12-12,53.07,53.19,52.04,52.24,77235
2016-12-13,52.22,52.41,51.45,51.88,106972
2016-12-14,52.11,52.205,51.59,51.83,105212
2016-12-15,51.75,52.795,51.64,52.44,98699
2016-12-16,52.21,52.54,52.11,52.38,151258
2016-12-19,52.61,53.3,52.11,52.66,90066
2016-12-20,52.86,53.0,52.01,52.72,75580
2016-12-21,52.42,52.525,51.85,52.03,147156
2016-12-22,52.25,52.32,51.36,52.1,100232
2016-12-23,52.05,52.55,51.711,51.94,48837
2016-12-27,51.84,52.65,51.84,51.97,109709
2016-12-28,52.07,52.14,51.43,52.04,85704
2016-12-29,52.32,52.37,51.45,51.79,66093
2016-12-30,52.03,52.03,50.73,51.39,168788
2017-01-03,51.23,51.87,50.03,51.61,123159
2017-01-04,51.26,51.8515,51.02,51.68,168836
2017-01-05,51.53,51.87,51.12,51.6,83654
2017-01-06,51.57,51.78,50.77,50.92,128250
2017-01-09,51.01,51.59,50.7,50.93,103389
2017-01-10,50.94,51.53,50.78,51.52,93906
2017-01-11,51.7,52.5,51.35,52.41,130767
2017-01-12,52.41,52.8499,51.83,52.79,107489
2017-01-13,52.97,53.5,52.74,52.95,163966
2017-01-17,52.85,53.02,50.8,53.0,168477
2017-01-18,53.0,53.41,49.82,53.39,187280
2017-01-19,53.34,53.58,52.35,53.47,153269
2017-01-20,53.33,53.64,53.115,53.44,156227
2017-01-23,53.49,53.53,51.99,52.28,106433
2017-01-24,52.5,52.89,51.66,52.54,102017
2017-01-25,52.74,53.39,52.71,53.13,91224
2017-01-26,53.17,53.33,52.48,52.87,134908
2017-01-27,52.95,52.95,51.77,52.66,270210
2017-01-30,52.43,52.43,50.3,51.26,156465
2017-01-31,50.97,51.1,50.52,50.93,161962
2017-02-01,52.24,55.6734,52.24,55.06,733172
2017-02-02,54.8,56.82,54.1101,56.0,345692
2017-02-03,56.09,56.79,55.67,56.05,212651
2017-02-06,55.55,56.45,55.335,55.4,225018
2017-02-07,55.15,55.32,53.83,54.17,252134
2017-02-08,53.86,54.7799,53.09,53.18,260399
2017-02-09,53.39,53.79,52.55,53.18,174452
2017-02-10,53.1,54.32,52.955,53.81,136783
2017-02-13,54.01,54.411,53.67,53.83,109643
2017-02-14,53.58,54.05,53.45,53.99,89264
2017-02-15,54.14,54.14,53.53,53.69,111407
2017-02-16,53.75,54.72,53.75,54.5,222762
2017-02-17,54.26,55.25,54.0,55.12,188792
2017-02-21,54.48,55.61,54.48,55.35,162856
2017-02-22,55.47,55.62,55.08,55.53,142821
2017-02-23,55.25,55.47,54.59,55.24,244783
2017-02-24,55.02,57.28,53.9601,56.25,336130
2017-02-27,56.2,56.4,54.86,55.29,302088
2017-02-28,52.99,53.96,51.95,53.27,623726
2017-03-01,54.0,54.24,52.525,54.08,201165
2017-03-02,54.08,54.37,52.97,53.99,199065
2017-03-03,53.98,53.98,52.981,53.61,167230
2017-03-06,53.44,53.475,51.5666,52.55,184507
2017-03-07,51.84,52.62,51.84,52.52,215876
2017-03-08,52.57,53.4499,52.57,53.37,134853
2017-03-09,53.07,53.74,51.54,53.33,106054
2017-03-10,53.44,54.07,53.03,53.72,117559
2017-03-13,53.7,54.43,53.2,54.04,207660
2017-03-14,53.7,54.99,53.31,54.96,269218
2017-03-15,55.0,55.37,54.44,55.0,329003
2017-03-16,54.92,55.49,54.32,55.17,114703
2017-03-17,55.3,55.65,54.25,55.27,456647
2017-03-20,54.93,55.72,54.84,55.48,129604
2017-03-21,55.43,55.79,54.7,54.89,306873
2017-03-22,55.06,55.59,54.89,54.99,526367
2017-03-23,54.65,55.74,54.1001,55.13,232951
2017-03-24,55.23,55.51,54.89,55.18,287091
2017-03-27,54.81,55.02,53.71,54.59,213466
2017-03-28,54.21,54.8,53.04,54.43,486389
2017-03-29,54.12,55.26,53.935,55.09,165573
2017-03-30,55.3,55.9599,55.1701,55.9,138529
2017-03-31,55.96,56.99,55.3424,56.95,278530
2017-04-03,56.67,57.33,56.46,56.73,286618
2017-04-04,56.3,57.18,53.0896,56.97,269042
2017-04-05,57.11,57.15,55.05,55.92,558692
2017-04-06,55.96,56.6,54.87,56.36,98238
2017-04-07,56.36,57.07,56.16,56.58,134219
2017-04-10,56.62,57.15,56.455,56.83,108581
2017-04-11,56.82,56.99,56.43,56.79,114837
2017-04-12,56.8,56.95,56.32,56.38,95766
2017-04-13,55.68,56.67,55.37,55.41,87777
2017-04-17,55.53,56.67,55.41,56.58,150028
2017-04-18,56.46,56.97,56.31,56.55,216287
2017-04-19,56.85,57.23,56.11,57.07,176475
2017-04-20,57.3,57.6,57.1464,57.5,103267
2017-04-21,57.47,57.77,56.675,56.9,107568
2017-04-24,57.11,57.4,56.945,57.09,226470
2017-04-25,57.34,58.39,57.18,58.14,233914
2017-04-26,58.14,59.27,58.14,58.4,161135
2017-04-27,58.46,59.11,58.03,58.2,129348
2017-04-28,58.28,58.71,56.6101,57.56,124173
2017-05-01,57.91,58.21,57.6441,58.11,173487
2017-05-02,58.33,58.77,57.94,58.59,150401
2017-05-03,58.37,58.85,56.91,57.74,198437
2017-05-04,57.98,57.98,57.17,57.38,127332
2017-05-05,57.62,58.78,57.32,58.74,124797
2017-05-08,58.69,59.37,58.25,58.87,71955
2017-05-09,58.99,58.99,58.26,58.61,164857
2017-05-10,59.2,59.27,56.85,57.44,400561
2017-05-11,57.45,58.24,56.53,56.9,144687
2017-05-12,56.77,57.33,55.651,56.75,148259
2017-05-15,56.55,58.14,56.55,57.61,167982
2017-05-16,57.53,58.05,57.09,57.94,137034
2017-05-17,57.34,57.51,56.78,56.96,148945
2017-05-18,56.64,57.84,55.75,57.43,148758
2017-05-19,57.65,58.13,56.38,58.03,122883
2017-05-22,58.0,58.96,56.755,58.74,147076
2017-05-23,58.87,59.22,58.4901,58.68,239016
2017-05-24,58.88,59.13,58.435,59.04,156300
2017-05-25,59.16,59.28,58.1882,59.1,95542
2017-05-26,59.19,59.8,58.6001,59.31,142762
2017-05-30,59.41,59.7,58.61,58.67,77239
2017-05-31,58.95,59.205,58.09,59.05,167104
2017-06-01,59.24,60.34,58.6075,60.15,183240
2017-06-02,60.16,61.39,59.48,61.15,212933
2017-06-05,61.36,62.035,61.1,61.36,168085
2017-06-06,61.0,61.53,60.64,60.94,198434
2017-06-07,60.82,61.375,60.2,60.4,122015
2017-06-08,60.48,62.04,60.06,61.91,154554
2017-06-09,61.84,62.43,60.795,61.46,164190
2017-06-12,61.33,62.41,60.19,61.15,113080
2017-06-13,61.06,61.86,61.06,61.64,128676
2017-06-14,61.75,62.08,61.22,61.79,150040
2017-06-15,61.51,61.7,60.77,61.48,154335
2017-06-16,61.53,61.95,60.73,60.75,633178
2017-06-19,61.21,62.5,61.015,62.25,214463
2017-06-20,62.41,62.41,60.99,60.99,108812
2017-06-21,61.29,61.935,60.23,60.81,192969
2017-06-22,60.97,61.36,60.36,60.48,147114
2017-06-23,60.51,61.22,60.25,60.7,201133
2017-06-26,60.84,61.21,60.68,60.94,103342
2017-06-27,60.88,61.03,60.13,60.14,101927
2017-06-28,60.34,61.25,60.0009,61.16,234103
2017-06-29,61.2,61.2,59.58,60.87,187640
2017-06-30,61.1,61.2,59.93,60.7,337983
2017-07-03,60.69,60.94,60.04,60.4,68666
2017-07-05,60.21,60.26,59.1,60.17,182267
2017-07-06,59.86,60.12,58.93,59.24,221939
2017-07-07,59.46,60.23,59.35,60.04,105226
2017-07-10,59.9,60.33,59.22,59.88,154120
2017-07-11,59.54,60.42,59.4,59.8,122509
2017-07-12,60.19,60.42,59.68,60.29,136129
2017-07-13,60.31,60.48,59.79,59.88,116259
2017-07-14,59.89,60.515,57.52,60.45,153311
2017-07-17,60.45,61.0,60.25,60.82,108410
2017-07-18,60.73,60.73,59.75,60.17,82051
2017-07-19,60.2,61.4,60.2,61.02,142332
2017-07-20,61.29,61.5011,60.42,61.08,84377
2017-07-21,60.95,61.49,60.72,61.29,83977
2017-07-24,61.28,61.603,60.76,61.4,79933
2017-07-25,61.51,61.56,60.53,61.49,169640
2017-07-26,61.71,61.775,60.66,61.3,80068
2017-07-27,61.43,61.47,60.28,61.06,115133
2017-07-28,60.81,61.35,60.42,61.13,83362
2017-07-31,61.27,61.49,60.29,60.73,144161
2017-08-01,60.95,61.33,60.54,61.05,217070
2017-08-02,61.05,61.21,60.42,60.89,133237
2017-08-03,60.84,61.15,60.14,60.39,84960
2017-08-04,60.52,60.67,59.86,60.28,77590
2017-08-07,60.19,60.36,59.5,60.2,159241
2017-08-08,60.19,60.36,59.57,60.06,119818
2017-08-09,58.87,61.6,56.42,56.87,222744
2017-08-10,56.99,57.58,54.771,56.66,188652
2017-08-11,56.53,57.03,55.86,56.8,112322
2017-08-14,57.31,58.27,56.72,58.21,151978
2017-08-15,58.16,58.54,57.39,57.7,111040
2017-08-16,57.96,58.19,57.235,58.05,159524
2017-08-17,57.91,58.05,57.338,57.63,156538
2017-08-18,57.44,57.59,52.83,56.94,80453
2017-08-21,56.86,57.445,56.3,56.43,81385
2017-08-22,56.42,57.19,56.26,57.04,86078
2017-08-23,56.64,57.87,54.06,57.61,95332
2017-08-24,57.74,59.17,57.27,59.02,264750
2017-08-25,59.08,59.83,58.02,58.91,83805
2017-08-28,59.09,59.8413,58.22,58.4,125929
2017-08-29,58.12,58.98,57.2101,58.52,105261
2017-08-30,58.5,59.25,58.17,59.15,105594
2017-08-31,59.22,60.4,57.86,60.3,117008
2017-09-01,60.28,60.38,59.7,59.8,101684
2017-09-05,59.59,60.01,57.96,58.5,194449
2017-09-06,58.86,59.07,57.96,58.04,90218
2017-09-07,58.32,58.32,56.66,56.7,187821
2017-09-08,56.25,56.58,55.4,56.13,144505
2017-09-11,56.6,56.94,56.03,56.25,137484
2017-09-12,56.54,57.51,56.24,56.67,189109
2017-09-13,56.54,57.03,56.44,56.74,79011
2017-09-14,56.64,57.07,56.1,56.95,90778
2017-09-15,56.71,57.96,56.45,57.57,201446
2017-09-18,57.62,58.09,57.16,57.45,153697
2017-09-19,57.51,58.05,57.02,57.86,76407
2017-09-20,57.89,57.94,57.46,57.9,63250
2017-09-21,57.91,58.32,56.6201,58.07,69283
2017-09-22,58.22,58.4,57.67,57.76,65977
2017-09-25,57.57,57.57,56.6,56.78,92234
2017-09-26,56.7,57.005,56.0,56.59,79348
2017-09-27,56.64,57.97,56.315,57.34,117133
2017-09-28,57.23,57.72,55.7901,57.13,82480
2017-09-29,57.27,57.41,55.6155,57.23,69799
2017-10-02,57.4,57.4,56.56,57.04,141201
2017-10-03,56.78,57.3,56.605,57.28,169750
2017-10-04,57.03,57.46,56.71,56.89,253351
2017-10-05,57.08,57.36,56.42,56.44,102014
2017-10-06,56.44,56.6,55.75,56.6,173058
2017-10-09,56.6,56.69,55.9,56.25,68785
2017-10-10,56.51,56.51,55.975,56.31,66238
2017-10-11,56.22,56.32,55.5901,55.98,133721
2017-10-12,55.67,55.89,55.16,55.67,99187
2017-10-13,55.78,55.78,55.14,55.3,104917
2017-10-16,55.2,55.47,54.29,54.45,106746
2017-10-17,54.26,54.81,54.17,54.78,167782
2017-10-18,54.83,55.11,54.415,54.61,96924
2017-10-19,54.42,54.61,53.922,54.32,113763
2017-10-20,54.47,55.09,54.47,54.89,81203
2017-10-23,55.04,55.0868,54.58,54.71,66697
2017-10-24,54.79,55.21,54.61,54.89,70510
2017-10-25,54.73,54.8425,54.07,54.49,56992
2017-10-26,54.36,54.61,54.01,54.55,104023
2017-10-27,54.77,56.19,54.7,56.04,133349
2017-10-30,55.91,55.95,55.38,55.7,100937
2017-10-31,55.8,56.0,55.35,55.95,124894
2017-11-01,56.2,56.2,53.34,53.95,251714
2017-11-02,54.14,54.15,52.6,53.02,279289
2017-11-03,53.12,53.855,52.11,52.48,110611
2017-11-06,52.28,53.95,52.28,53.86,87683
2017-11-07,53.67,54.22,53.14,53.88,161320
2017-11-08,55.25,58.0,55.25,56.95,259541
2017-11-09,56.71,57.21,54.7,54.77,159512
2017-11-10,54.61,55.94,54.61,55.69,116658
2017-11-13,55.68,56.42,54.655,55.39,136985
2017-11-14,55.59,59.01,55.08,58.87,356859
2017-11-15,58.36,58.98,56.305,57.93,184268
2017-11-16,57.77,59.84,56.96,59.2,177885
2017-11-17,59.09,60.1,57.6601,59.87,154035
2017-11-20,59.72,59.99,58.17,59.58,119069
2017-11-21,59.7,60.6,59.4401,59.99,65500
2017-11-22,60.01,60.36,59.385,59.6,95807
2017-11-24,59.51,59.7,57.94,59.61,75716
2017-11-27,59.58,59.86,58.0401,59.29,110896
2017-11-28,59.26,60.68,58.975,60.65,162752
2017-11-29,61.0,61.985,60.31,60.65,153395
2017-11-30,60.97,61.25,58.0403,59.85,159663
2017-12-01,60.01,60.47,58.831,60.35,152562
2017-12-04,61.58,61.7,59.45,59.54,169283
2017-12-05,59.86,60.03,58.35,58.8,150099
2017-12-06,58.74,58.92,58.07,58.17,97851
2017-12-07,58.4,58.86,58.08,58.3,92935
2017-12-08,58.75,59.0,58.52,58.74,78696
2017-12-11,58.64,59.54,58.58,59.22,88684
